,Close,macd_signal,rsi_signal,aroon_signal
0,62.959999084472656,0,0,0
1,62.31999969482422,-1,0,0
2,62.0,0,0,0
3,61.774898529052734,0,0,0
4,61.36000061035156,0,0,0
5,61.125,0,0,0
6,61.13999938964844,0,0,0
7,61.93000030517578,0,0,0
8,62.02000045776367,0,0,0
9,61.41999816894531,0,0,0
10,61.07500076293945,0,0,0
11,61.11000061035156,0,0,0
12,61.040000915527344,0,0,0
13,61.08000183105469,0,0,0
14,63.08250045776367,1,0,0
15,62.67900085449219,0,0,0
16,62.45280075073242,0,0,0
17,62.83000183105469,0,0,0
18,62.95500183105469,0,0,0
19,63.150001525878906,0,0,0
20,63.04499816894531,0,0,0
21,63.31999969482422,0,0,0
22,62.97610092163086,0,0,0
23,63.27999877929688,0,0,0
24,62.97600173950195,0,0,0
25,62.650001525878906,0,0,0
26,62.30500030517578,0,0,0
27,61.97999954223633,-1,0,0
28,61.70000076293945,0,0,0
29,61.68000030517578,0,0,0
30,60.95000076293945,0,0,0
31,59.92499923706055,0,0,0
32,59.752201080322266,0,0,0
33,60.86000061035156,0,0,0
34,61.45000076293945,0,0,0
35,61.380001068115234,0,0,0
36,61.207298278808594,0,0,0
37,61.38999938964844,0,0,0
38,61.15800094604492,0,0,0
39,60.58000183105469,0,0,0
40,60.4900016784668,0,0,0
41,60.5,0,0,0
42,60.45000076293945,0,0,0
43,59.97999954223633,0,0,0
44,60.22999954223633,0,0,0
45,60.20149993896485,0,0,0
46,59.69340133666992,0,0,0
47,59.014198303222656,0,0,0
48,59.18000030517578,0,0,0
49,58.959598541259766,0,1,0
50,58.560001373291016,0,1,0
51,58.310001373291016,0,1,0
52,58.2400016784668,0,1,0
53,58.0,0,1,0
54,58.095001220703125,0,1,0
55,57.790000915527344,0,1,0
56,58.22999954223633,0,0,0
57,58.27999877929688,0,0,0
58,58.7599983215332,1,0,0
59,58.483699798583984,0,0,0
60,58.1349983215332,0,0,0
61,58.290000915527344,0,0,0
62,58.31999969482422,0,0,0
63,57.52999877929688,0,0,0
64,58.02510070800781,0,0,0
65,58.14889907836914,0,0,0
66,59.494998931884766,0,0,0
67,59.470001220703125,0,0,0
68,59.31999969482422,0,0,0
69,59.25,0,0,0
70,59.65999984741211,0,0,0
71,59.52999877929688,0,0,0
72,59.63999938964844,0,0,0
73,59.40999984741211,0,0,0
74,59.34999847412109,0,0,0
75,59.54999923706055,0,0,0
76,59.540000915527344,0,0,0
77,59.77000045776367,0,0,0
78,59.41999816894531,0,0,0
79,59.27000045776367,0,0,0
80,59.165000915527344,0,0,0
81,58.9900016784668,0,0,0
82,59.540000915527344,0,0,0
83,59.72999954223633,0,0,0
84,59.75,0,0,0
85,59.709999084472656,0,0,0
86,58.77109909057617,-1,0,0
87,58.7599983215332,0,0,0
88,58.86009979248047,0,0,0
89,58.900001525878906,0,0,0
90,59.02999877929688,0,0,0
91,58.27999877929688,0,0,0
92,57.685001373291016,0,0,0
93,57.41999816894531,0,0,0
94,57.34000015258789,0,0,0
95,57.45000076293945,0,0,0
96,57.88010025024414,0,0,0
97,57.83000183105469,0,0,0
98,56.650001525878906,0,0,0
99,56.790000915527344,0,0,0
100,57.0,0,0,0
101,56.68999862670898,0,0,0
102,56.6599006652832,0,0,0
103,56.7598991394043,0,0,0
104,56.75,0,0,0
105,56.790000915527344,0,0,0
106,57.70000076293945,1,0,0
107,56.25,-1,0,0
108,56.20000076293945,0,0,0
109,57.09000015258789,1,0,0
110,56.86000061035156,0,0,0
111,57.52999877929688,0,0,0
112,57.25,0,0,0
113,57.900001525878906,0,0,0
114,57.95000076293945,0,0,0
115,57.9900016784668,0,0,0
116,58.35639953613281,0,0,0
117,58.80500030517578,0,0,0
118,58.540000915527344,0,0,0
119,60.994998931884766,0,0,0
120,60.23500061035156,0,0,0
121,60.43220138549805,0,0,0
122,60.18000030517578,0,0,0
123,60.79499816894531,0,0,0
124,60.685001373291016,0,0,0
125,60.79999923706055,0,0,0
126,60.9922981262207,0,0,0
127,61.52999877929688,0,0,0
128,61.02999877929688,0,0,0
129,60.52999877929688,0,0,0
130,60.68000030517578,0,0,0
131,60.494998931884766,0,0,0
132,60.7599983215332,-1,0,0
133,61.72999954223633,1,0,0
134,62.22999954223633,0,0,0
135,62.02000045776367,0,0,0
136,61.9900016784668,0,0,0
137,62.244998931884766,0,0,0
138,61.970001220703125,0,0,0
139,62.0,0,0,0
140,62.59640121459961,0,0,0
141,62.65999984741211,0,0,0
142,61.77999877929688,-1,0,0
143,61.45000076293945,0,0,0
144,61.47999954223633,0,0,0
145,61.54999923706055,0,0,0
146,61.630001068115234,0,0,0
147,60.459999084472656,0,0,0
148,59.47999954223633,0,0,0
149,59.47999954223633,0,0,0
150,59.43999862670898,0,0,0
151,59.23799896240234,0,0,0
152,59.880001068115234,0,0,0
153,60.060001373291016,0,0,0
154,59.91999816894531,0,0,0
155,60.79999923706055,0,0,0
156,60.59999847412109,0,0,0
157,60.615699768066406,0,0,0
158,62.119998931884766,1,0,0
159,62.11000061035156,0,0,0
160,62.060001373291016,0,0,0
161,62.040000915527344,0,0,0
162,62.169700622558594,0,0,0
163,62.11330032348633,0,0,0
164,62.3650016784668,0,0,0
165,62.38999938964844,0,0,0
166,62.47159957885742,0,0,0
167,62.65999984741211,0,0,0
168,62.5099983215332,0,0,0
169,62.51499938964844,0,0,0
170,62.34999847412109,0,0,0
171,62.2599983215332,0,0,0
172,62.470001220703125,0,0,0
173,62.47999954223633,0,0,0
174,62.25,-1,0,0
175,61.310001373291016,0,0,0
176,61.209999084472656,0,0,0
177,61.52000045776367,0,0,0
178,61.540000915527344,0,0,0
179,61.41999816894531,0,0,0
180,61.27000045776367,0,0,0
181,60.810001373291016,0,0,0
182,61.650001525878906,0,0,0
183,61.46609878540039,0,0,0
184,61.77000045776367,0,0,0
185,61.970001220703125,0,0,0
186,62.1693000793457,1,0,0
187,62.380001068115234,0,0,0
188,62.23329925537109,0,0,0
189,62.209999084472656,0,0,0
190,62.09999847412109,0,0,0
191,61.86000061035156,0,0,0
192,61.709999084472656,-1,0,0
193,61.79999923706055,0,0,0
194,61.9900016784668,0,0,0
195,62.0099983215332,0,0,0
196,62.8119010925293,1,0,0
197,62.6776008605957,0,0,0
198,62.65800094604492,0,0,0
199,62.181400299072266,0,0,0
200,62.14500045776367,0,0,0
201,62.34000015258789,0,0,0
202,61.52999877929688,-1,0,0
203,61.880001068115234,0,0,0
204,62.08000183105469,0,0,0
205,62.16400146484375,0,0,0
206,62.17179870605469,0,0,0
207,62.025001525878906,0,0,0
208,62.13100051879883,0,0,0
209,61.83000183105469,0,0,0
210,63.720001220703125,1,0,0
211,63.70000076293945,0,0,0
212,63.900001525878906,0,0,0
213,64.13999938964844,0,0,0
214,64.25,0,0,0
215,64.05999755859375,0,0,0
216,64.29000091552734,0,0,0
217,63.04999923706055,0,0,0
218,62.93830108642578,0,0,0
219,62.97999954223633,-1,0,0
220,62.869998931884766,0,0,0
221,62.875,0,0,0
222,62.755001068115234,0,0,0
223,63.0099983215332,0,0,0
224,64.19999694824219,0,0,1
225,63.560001373291016,0,0,1
226,63.43000030517578,0,0,1
227,63.42100143432617,0,0,1
228,63.59000015258789,0,0,1
229,63.41510009765625,0,0,1
230,63.380001068115234,0,0,1
231,61.90999984741211,0,0,0
232,61.993900299072266,0,0,0
233,60.02730178833008,0,0,0
234,60.54999923706055,0,0,0
235,60.56999969482422,0,0,0
236,60.6245002746582,0,0,0
237,60.459999084472656,0,0,0
238,60.284400939941406,0,0,0
239,60.95000076293945,0,0,0
240,61.09999847412109,0,0,0
241,61.35499954223633,0,0,0
242,61.290000915527344,0,0,0
243,61.35480117797852,1,0,0
244,61.150001525878906,0,0,0
245,60.209999084472656,-1,0,0
246,59.77999877929688,0,0,0
247,59.83000183105469,0,0,0
248,59.88999938964844,0,0,0
249,59.02999877929688,0,0,0
250,58.79650115966797,0,0,0
251,58.81999969482422,0,0,0
252,58.95800018310547,0,0,0
253,59.08000183105469,0,0,0
254,58.44449996948242,0,0,0
255,58.41999816894531,0,0,0
256,57.69279861450195,0,0,0
257,58.040000915527344,0,0,0
258,58.34000015258789,0,0,0
259,60.11000061035156,1,0,0
260,60.63999938964844,0,0,0
261,61.02000045776367,0,0,0
262,61.29999923706055,0,0,0
263,61.4900016784668,0,0,0
264,61.61000061035156,0,0,0
265,61.68999862670898,0,0,0
266,62.369998931884766,0,0,0
267,62.560001373291016,0,0,0
268,62.68000030517578,0,0,0
269,62.84000015258789,0,0,0
270,62.97999954223633,0,0,0
271,62.80500030517578,0,0,0
272,62.87009811401367,0,0,0
273,62.290000915527344,0,0,0
274,62.81999969482422,0,0,0
275,63.31999969482422,0,0,0
276,63.36909866333008,0,0,0
277,63.02140045166016,0,0,0
278,63.09000015258789,0,0,0
279,62.81999969482422,0,0,0
280,62.93999862670898,-1,0,0
281,62.88999938964844,0,0,0
282,62.84000015258789,0,0,0
283,62.84000015258789,0,0,0
284,62.60340118408203,0,0,0
285,62.619998931884766,0,0,0
286,62.40999984741211,0,0,0
287,62.43000030517578,0,0,0
288,62.18999862670898,0,0,0
289,61.63999938964844,0,0,0
290,61.65999984741211,0,0,0
291,62.04999923706055,0,0,0
292,62.209999084472656,0,0,0
293,62.1859016418457,0,0,0
294,61.22999954223633,0,0,0
295,61.27999877929688,0,0,0
296,61.358699798583984,0,0,0
297,61.369998931884766,0,0,0
298,61.27999877929688,0,0,0
299,61.185001373291016,0,0,0
300,61.459999084472656,0,0,0
301,62.72499847412109,0,0,0
302,62.52000045776367,1,0,0
303,62.31999969482422,0,0,0
304,62.38999938964844,0,0,0
305,62.33789825439453,0,0,0
306,62.45000076293945,0,0,0
307,62.54999923706055,0,0,0
308,63.27999877929688,0,0,0
309,62.75,0,0,0
310,62.7130012512207,0,0,0
311,62.72779846191406,0,0,0
312,62.88999938964844,0,0,0
313,62.51499938964844,0,0,0
314,62.38999938964844,0,0,0
315,60.16999816894531,-1,0,0
316,61.02000045776367,0,0,0
317,61.34999847412109,0,0,0
318,61.16999816894531,0,0,0
319,61.13639831542969,0,0,0
320,60.900001525878906,0,0,0
321,61.04999923706055,0,0,0
322,60.775001525878906,0,0,0
323,60.959999084472656,0,0,0
324,61.255001068115234,0,0,0
325,61.21500015258789,0,0,0
326,61.560001373291016,0,0,0
327,61.48270034790039,1,0,0
328,61.34000015258789,0,0,0
329,64.80999755859375,0,0,0
330,65.61000061035156,0,0,0
331,64.66000366210938,0,0,0
332,64.80999755859375,0,0,0
333,64.77999877929688,0,0,0
334,64.26499938964844,0,0,0
335,64.41000366210938,0,0,0
336,62.459999084472656,0,0,0
337,61.75,-1,0,0
338,62.70000076293945,0,0,0
339,62.29999923706055,0,0,0
340,62.27999877929688,0,0,0
341,62.375,0,0,0
342,62.4900016784668,0,0,0
343,63.900001525878906,0,0,0
344,63.619998931884766,0,0,0
345,63.90999984741211,1,0,0
346,64.42500305175781,0,0,0
347,64.30999755859375,0,0,0
348,63.845001220703125,0,0,0
349,63.77000045776367,0,0,0
350,63.150001525878906,-1,0,0
351,62.92990112304688,0,0,0
352,62.63999938964844,0,0,0
353,62.164398193359375,0,0,0
354,61.52000045776367,0,0,0
355,61.0,0,0,0
356,61.52999877929688,0,0,0
357,61.558101654052734,0,0,0
358,61.4202995300293,0,0,0
359,61.68999862670898,0,0,0
360,61.720001220703125,0,0,0
361,61.38999938964844,0,0,0
362,61.7400016784668,0,0,0
363,61.52000045776367,0,0,0
364,62.018798828125,0,0,0
365,62.869998931884766,1,0,0
366,62.900001525878906,0,0,0
367,62.682498931884766,0,0,0
368,62.70000076293945,0,0,0
369,62.84999847412109,0,0,0
370,63.0,0,0,0
371,64.25,0,0,0
372,64.41000366210938,0,0,0
373,64.19000244140625,0,0,0
374,64.22000122070312,0,0,0
375,64.17500305175781,0,0,0
376,64.30999755859375,0,0,0
377,64.69999694824219,0,0,0
378,65.0199966430664,0,0,0
379,65.66000366210938,0,0,0
380,65.94999694824219,0,0,0
381,66.16999816894531,0,0,0
382,66.33999633789062,0,0,0
383,65.86000061035156,0,0,0
384,65.73999786376953,0,0,0
385,65.70999908447266,0,0,0
386,65.5250015258789,0,0,0
387,65.68000030517578,0,0,0
388,66.05000305175781,0,0,0
389,66.44309997558594,0,0,0
390,66.34500122070312,0,0,0
391,66.4000015258789,0,0,0
392,66.91999816894531,0,0,0
393,67.38999938964844,0,0,0
394,67.41000366210938,0,0,0
395,66.88500213623047,0,0,0
396,67.0999984741211,0,0,0
397,67.1166000366211,-1,0,0
398,67.18499755859375,0,0,0
399,67.1500015258789,0,0,0
400,67.0199966430664,0,0,0
401,66.8499984741211,0,0,0
402,67.05999755859375,0,0,0
403,67.19999694824219,0,0,0
404,67.1897964477539,0,0,0
405,67.4000015258789,0,0,0
406,67.66000366210938,0,0,0
407,67.26000213623047,0,0,0
408,67.63500213623047,0,0,0
409,67.8301010131836,0,0,0
410,67.69999694824219,0,0,0
411,67.6500015258789,0,0,0
412,67.75,0,0,0
413,68.98999786376953,1,0,0
414,69.26499938964844,0,0,0
415,69.12580108642578,0,0,0
416,69.34500122070312,0,0,0
417,68.80999755859375,0,0,0
418,68.38999938964844,0,0,0
419,68.20999908447266,-1,0,0
420,68.67569732666016,0,0,0
421,68.65499877929688,0,0,0
422,68.58000183105469,0,0,0
423,68.08000183105469,0,0,0
424,68.86000061035156,0,0,0
425,68.80999755859375,0,0,0
426,68.97000122070312,0,0,0
427,69.0458984375,0,-1,0
428,68.97000122070312,0,-1,0
429,69.02300262451172,0,-1,0
430,69.13729858398438,0,-1,0
431,69.47000122070312,0,-1,0
432,69.56999969482422,0,-1,0
433,69.6500015258789,1,-1,0
434,69.16000366210938,-1,0,0
435,69.4634017944336,0,0,0
436,69.18820190429688,0,0,0
437,69.24469757080078,0,0,0
438,66.54000091552734,0,0,0
439,66.77649688720703,0,0,0
440,66.9000015258789,0,0,0
441,67.18000030517578,0,0,0
442,67.2874984741211,0,0,0
443,66.95999908447266,0,0,0
444,66.9000015258789,0,0,0
445,66.24949645996094,0,0,0
446,66.61000061035156,0,0,0
447,66.78739929199219,0,0,0
448,66.80999755859375,0,0,0
449,66.7699966430664,0,0,0
450,67.27880096435547,0,0,0
451,67.05000305175781,0,0,0
452,67.94000244140625,1,0,0
453,67.7300033569336,0,0,0
454,67.71499633789062,0,0,0
455,67.80999755859375,0,0,0
456,67.88999938964844,0,0,0
457,67.7699966430664,0,0,0
458,67.81999969482422,0,0,0
459,67.11000061035156,0,0,0
460,67.76000213623047,0,0,0
461,67.1500015258789,0,0,0
462,67.27999877929688,0,0,0
463,67.30000305175781,0,0,0
464,67.37000274658203,0,0,0
465,67.16000366210938,0,0,0
466,67.86499786376953,0,0,0
467,68.06500244140625,0,0,0
468,67.75399780273438,0,0,0
469,67.80999755859375,0,0,0
470,67.95999908447266,0,0,0
471,67.88999938964844,0,0,0
472,67.9800033569336,0,0,0
473,67.37989807128906,0,0,0
474,66.80999755859375,-1,0,0
475,67.33999633789062,0,0,0
476,67.38999938964844,0,0,0
477,67.30999755859375,0,0,0
478,67.37000274658203,0,0,0
479,67.11000061035156,0,0,0
480,66.22000122070312,0,0,0
481,65.83999633789062,0,0,0
482,65.68000030517578,0,0,0
483,65.58999633789062,0,0,0
484,65.7699966430664,0,0,0
485,65.69999694824219,0,0,0
486,65.83000183105469,0,0,0
487,65.19000244140625,0,0,0
488,65.07990264892578,0,0,0
489,65.45999908447266,0,0,0
490,65.72779846191406,0,0,0
491,65.88999938964844,0,0,0
492,65.62999725341797,0,0,0
493,65.69000244140625,1,0,0
494,66.04859924316406,0,0,0
495,65.27999877929688,0,0,0
496,65.3499984741211,0,0,0
497,65.36000061035156,0,0,0
498,65.33809661865234,0,0,0
499,65.97000122070312,0,0,0
500,65.8499984741211,0,0,0
501,66.16000366210938,0,0,0
502,65.32550048828125,0,0,0
503,65.27010345458984,0,0,0
504,64.9800033569336,0,0,0
505,64.69999694824219,-1,0,0
506,64.58499908447266,0,0,0
507,64.79000091552734,0,0,0
508,66.41999816894531,1,0,0
509,66.91000366210938,0,0,0
510,66.67500305175781,0,0,0
511,66.66999816894531,0,0,0
512,66.31999969482422,0,0,0
513,66.49500274658203,0,0,0
514,66.4800033569336,0,0,0
515,65.91000366210938,0,0,0
516,65.83999633789062,0,0,0
517,65.52780151367188,0,0,0
518,65.31099700927734,-1,0,0
519,65.5250015258789,0,0,0
520,65.52999877929688,0,0,0
521,65.55000305175781,0,0,0
522,65.81999969482422,0,0,0
523,66.0999984741211,1,0,0
524,65.7699966430664,0,0,0
525,65.5999984741211,-1,0,0
526,65.55000305175781,0,0,0
527,65.32279968261719,0,0,0
528,65.12999725341797,0,0,0
529,64.79000091552734,0,0,0
530,65.11499786376953,0,0,0
531,65.37999725341797,0,0,0
532,64.83999633789062,0,0,0
533,64.65499877929688,0,0,0
534,64.63500213623047,0,0,0
535,64.5,0,0,0
536,64.62000274658203,0,0,0
537,64.25499725341797,0,0,0
538,64.16999816894531,0,0,0
539,64.17960357666016,0,0,0
540,64.02220153808594,0,0,0
541,63.79499816894531,0,0,0
542,63.61000061035156,0,0,0
543,63.74089813232422,0,0,0
544,63.95000076293945,0,0,0
545,63.79999923706055,0,0,0
546,63.709999084472656,0,0,0
547,63.380001068115234,0,0,0
548,63.02000045776367,0,0,0
549,62.79999923706055,0,0,0
550,63.15999984741211,0,0,-1
551,63.5,0,0,-1
552,63.810001373291016,1,0,-1
553,63.81999969482422,0,0,-1
554,64.71920013427734,0,0,0
555,64.15499877929688,0,0,0
556,64.01499938964844,0,0,0
557,64.12200164794922,0,0,0
558,63.970001220703125,0,0,0
559,63.880001068115234,0,0,0
560,64.05000305175781,0,0,0
561,63.63999938964844,0,0,0
562,63.52999877929688,0,0,0
563,63.31999969482422,0,0,0
564,63.34999847412109,-1,0,0
565,63.84999847412109,1,0,0
566,63.98500061035156,0,0,0
567,63.79999923706055,0,0,0
568,61.77999877929688,-1,0,0
569,62.13999938964844,0,0,0
570,62.150001525878906,0,0,0
571,62.14500045776367,0,0,0
572,61.90999984741211,0,0,0
573,61.59550094604492,0,0,0
574,61.79999923706055,0,0,0
575,62.18999862670898,0,0,0
576,62.45000076293945,0,0,0
577,62.400001525878906,0,0,0
578,62.369998931884766,1,0,0
579,62.59000015258789,0,0,0
580,62.470001220703125,0,0,0
581,62.560001373291016,0,0,0
582,63.56999969482422,0,0,0
583,63.720001220703125,0,0,0
584,63.64609909057617,0,0,0
585,63.45000076293945,0,0,0
586,63.61029815673828,0,0,0
587,63.59999847412109,0,0,0
588,63.83000183105469,0,0,0
589,62.68000030517578,0,0,0
590,62.68999862670898,0,0,0
591,62.84999847412109,0,0,0
592,62.970001220703125,0,0,0
593,62.709999084472656,-1,0,0
594,63.14500045776367,1,0,0
595,63.0,0,0,0
596,62.04209899902344,-1,0,0
597,62.040000915527344,0,0,0
598,62.13999938964844,0,0,0
599,62.310001373291016,0,0,0
600,62.38999938964844,0,0,0
601,62.2400016784668,0,0,0
602,62.56999969482422,0,0,0
603,64.93000030517578,1,0,0
604,65.26000213623047,0,0,0
605,64.89119720458984,0,0,0
606,64.93000030517578,0,0,0
607,64.5199966430664,0,0,0
608,64.68499755859375,0,0,0
609,64.56999969482422,0,0,0
610,66.2699966430664,0,0,0
611,66.61000061035156,0,0,0
612,66.97000122070312,0,0,0
613,67.45999908447266,0,0,0
614,67.68000030517578,0,0,0
615,67.91909790039062,0,0,0
616,67.5999984741211,0,0,0
617,67.2699966430664,0,0,0
618,67.3499984741211,0,0,0
619,67.13500213623047,0,0,0
620,67.19999694824219,0,0,0
621,67.4000015258789,0,0,0
622,67.7344970703125,0,0,0
623,67.91999816894531,0,0,0
624,68.58000183105469,0,0,0
625,69.16000366210938,0,0,0
626,68.4800033569336,0,0,0
627,68.69000244140625,0,0,0
628,68.42500305175781,-1,0,0
629,68.19999694824219,0,0,0
630,67.98999786376953,0,0,0
631,68.30999755859375,0,0,0
632,68.3499984741211,0,0,0
633,68.48500061035156,0,0,0
634,68.45800018310547,0,0,0
635,69.01940155029297,0,0,0
636,68.66999816894531,0,0,0
637,68.66000366210938,0,0,0
638,68.94999694824219,0,0,0
639,69.0,0,0,0
640,68.98999786376953,0,0,0
641,68.83000183105469,0,0,0
642,68.56999969482422,0,0,0
643,68.36000061035156,0,0,0
644,68.16000366210938,0,0,0
645,69.87999725341797,0,0,0
646,69.9800033569336,0,0,0
647,70.93000030517578,1,0,0
648,70.44999694824219,0,0,0
649,70.56999969482422,0,0,0
650,70.25499725341797,0,0,0
651,70.37000274658203,0,0,0
652,69.88999938964844,0,0,0
653,69.61000061035156,-1,0,0
654,69.33000183105469,0,0,0
655,69.6050033569336,0,0,0
656,69.52999877929688,0,0,0
657,69.3031005859375,0,0,0
658,69.52999877929688,0,0,0
659,70.1500015258789,0,0,0
660,69.6010971069336,0,0,0
661,69.33989715576172,0,0,0
662,69.3499984741211,0,0,0
663,69.44000244140625,0,0,0
664,69.31009674072266,0,0,0
665,69.37999725341797,0,0,0
666,69.4749984741211,0,0,0
667,69.27999877929688,0,0,0
668,69.07730102539062,0,0,0
669,68.91999816894531,0,0,0
670,68.49079895019531,0,0,0
671,68.69000244140625,0,0,0
672,68.30999755859375,0,0,0
673,69.88999938964844,0,0,0
674,69.36499786376953,0,0,0
675,69.47989654541016,0,0,0
676,69.5,1,0,0
677,69.16999816894531,-1,0,0
678,68.79000091552734,0,0,0
679,68.69000244140625,0,0,0
680,68.9800033569336,0,0,0
681,68.44000244140625,0,0,0
682,68.98999786376953,0,0,0
683,69.04000091552734,0,0,0
684,69.0770034790039,0,0,0
685,69.29000091552734,1,0,0
686,69.29000091552734,0,0,0
687,71.1541976928711,0,0,0
688,71.11000061035156,0,0,0
689,70.57319641113281,0,0,0
690,70.99009704589844,0,0,0
691,70.36000061035156,0,0,0
692,71.1803970336914,0,0,0
693,71.16000366210938,0,0,0
694,70.86000061035156,0,0,1
695,70.63999938964844,0,0,1
696,71.88999938964844,0,0,1
697,71.77999877929688,0,0,1
698,71.80500030517578,0,0,1
699,71.20999908447266,0,0,1
700,71.05999755859375,0,0,1
701,74.04000091552734,0,0,0
702,74.30789947509766,0,0,0
703,74.00499725341797,0,0,0
704,73.72000122070312,0,0,0
705,74.18000030517578,0,0,0
706,74.79000091552734,0,0,0
707,74.81999969482422,0,0,0
708,76.2698974609375,0,0,0
709,75.77999877929688,0,0,0
710,76.41000366210938,0,0,0
711,76.5999984741211,0,0,0
712,76.68000030517578,0,0,0
713,76.44000244140625,0,0,0
714,76.16999816894531,0,0,0
715,75.03700256347656,-1,0,0
716,74.97000122070312,0,0,0
717,74.38040161132812,0,0,0
718,74.69000244140625,0,0,0
719,75.19000244140625,0,0,0
720,75.5199966430664,0,0,0
721,76.08999633789062,0,0,0
722,75.5707015991211,0,0,0
723,74.6500015258789,0,0,0
724,74.93499755859375,0,0,0
725,74.73999786376953,0,0,0
726,75.01000213623047,0,0,0
727,74.63999938964844,0,0,0
728,74.68000030517578,0,0,0
729,77.86000061035156,0,0,0
730,77.86000061035156,1,0,0
731,78.19999694824219,0,0,0
732,78.41000366210938,0,0,0
733,78.9000015258789,0,0,0
734,79.48999786376953,0,0,0
735,79.79499816894531,0,0,0
736,81.1801986694336,0,0,0
737,81.3740005493164,0,0,0
738,81.26000213623047,0,0,0
739,81.33499908447266,0,0,0
740,81.3949966430664,0,0,0
741,81.61000061035156,0,0,0
742,80.9000015258789,0,0,0
743,79.31999969482422,-1,0,0
744,79.47000122070312,0,0,0
745,79.26000213623047,0,0,0
746,78.81999969482422,0,0,0
747,78.53500366210938,0,0,0
748,78.13999938964844,0,0,0
749,78.38999938964844,0,0,0
750,78.48999786376953,0,0,0
751,78.68000030517578,0,0,0
752,78.69999694824219,0,0,0
753,79.06500244140625,0,0,0
754,78.44999694824219,0,0,0
755,78.37000274658203,0,0,0
756,78.5,0,0,0
757,78.5199966430664,0,0,0
758,79.87999725341797,0,0,0
759,79.58999633789062,0,0,0
760,79.4000015258789,0,0,0
761,79.12999725341797,0,0,0
762,78.97000122070312,0,0,0
763,78.8499984741211,0,0,0
764,79.98999786376953,0,0,0
765,80.15789794921875,1,0,0
766,80.41999816894531,0,0,0
767,80.37000274658203,0,0,0
768,80.44000244140625,0,0,0
769,80.08499908447266,0,0,0
770,80.16999816894531,0,0,0
771,81.16380310058594,0,0,0
772,80.88999938964844,0,0,0
773,80.3499984741211,0,0,0
774,80.45999908447266,0,0,0
775,80.05509948730469,-1,0,0
776,79.83000183105469,0,0,0
777,79.88500213623047,0,0,0
778,80.1426010131836,0,0,0
779,80.4800033569336,0,0,0
780,80.6500015258789,0,0,0
781,80.45020294189453,0,0,0
782,80.375,0,0,0
783,80.16500091552734,0,0,0
784,79.9800033569336,0,0,0
785,82.32499694824219,1,0,0
786,81.76000213623047,0,0,0
787,81.80500030517578,0,0,0
788,81.67500305175781,0,0,0
789,81.3499984741211,0,0,0
790,81.2300033569336,0,0,0
791,81.0,0,0,0
792,81.52200317382812,0,0,0
793,82.15730285644531,0,0,0
794,81.88999938964844,0,0,0
795,81.51000213623047,0,0,0
796,81.52999877929688,-1,0,0
797,81.58999633789062,0,0,0
798,81.87999725341797,0,0,0
799,82.05079650878906,0,0,0
800,82.30000305175781,1,0,0
801,82.1677017211914,0,0,0
802,82.0979995727539,0,0,0
803,82.30000305175781,0,0,0
804,82.3499984741211,0,0,0
805,82.42500305175781,0,0,0
806,85.37899780273438,0,0,0
807,85.45500183105469,0,0,0
808,85.7593994140625,0,0,0
809,86.2699966430664,0,0,0
810,86.1500015258789,0,0,0
811,86.1500015258789,0,0,0
812,85.25,0,0,0
813,86.79000091552734,0,0,0
814,83.00599670410156,0,0,0
815,82.9749984741211,-1,0,0
816,83.83999633789062,0,0,0
817,84.61000061035156,0,0,0
818,85.36319732666016,0,0,0
819,85.73999786376953,0,0,0
820,84.41999816894531,0,0,0
821,83.91000366210938,0,0,0
822,83.93000030517578,0,0,0
823,83.38999938964844,0,0,0
824,83.51499938964844,0,0,0
825,83.0199966430664,0,0,0
826,83.4800033569336,0,0,0
827,79.36000061035156,0,0,0
828,79.55999755859375,0,0,0
829,78.41500091552734,0,0,0
830,79.12000274658203,0,0,0
831,79.38999938964844,0,0,0
832,79.9800033569336,0,0,0
833,80.22000122070312,0,0,0
834,78.48999786376953,0,0,0
835,77.5,0,0,0
836,77.58000183105469,0,0,0
837,77.41000366210938,0,0,0
838,75.95999908447266,0,0,0
839,76.73999786376953,0,0,0
840,77.02999877929688,0,0,0
841,78.08000183105469,0,0,0
842,78.45999908447266,0,0,0
843,77.58499908447266,1,0,0
844,77.91000366210938,0,0,0
845,77.37000274658203,0,0,0
846,77.67500305175781,0,0,0
847,76.66000366210938,0,0,0
848,81.86830139160156,0,0,0
849,83.45999908447266,0,0,0
850,84.56999969482422,0,0,0
851,84.79000091552734,0,0,0
852,82.1084976196289,0,0,0
853,80.86000061035156,0,0,0
854,79.37000274658203,0,0,0
855,79.63999938964844,0,0,0
856,82.13999938964844,0,0,0
857,82.83399963378906,0,0,0
858,83.2665023803711,0,0,0
859,82.5,0,0,0
860,81.7300033569336,0,0,0
861,83.38999938964844,0,0,0
862,80.3499984741211,0,0,0
863,81.83000183105469,0,0,0
864,81.52999877929688,-1,0,0
865,80.9000015258789,0,0,0
866,80.9446029663086,0,0,0
867,79.92949676513672,0,0,0
868,80.69999694824219,0,0,0
869,77.26000213623047,0,0,0
870,77.42890167236328,0,0,0
871,79.0999984741211,0,0,0
872,77.61190032958984,0,0,0
873,77.19499969482422,0,0,0
874,78.47000122070312,0,0,0
875,78.80000305175781,0,0,0
876,76.56500244140625,0,0,0
877,77.58000183105469,0,0,0
878,77.97019958496094,0,0,0
879,78.85540008544922,0,0,0
880,78.91000366210938,1,0,0
881,79.18000030517578,0,0,0
882,79.21700286865234,0,0,0
883,78.1500015258789,0,0,0
884,78.91000366210938,0,0,0
885,78.04499816894531,0,0,0
886,77.80000305175781,0,0,0
887,77.02999877929688,-1,0,0
888,75.83000183105469,0,0,0
889,76.32209777832031,0,0,0
890,73.05000305175781,0,0,0
891,71.8499984741211,0,0,0
892,70.35489654541016,0,0,0
893,71.55000305175781,0,0,0
894,71.20059967041016,0,0,0
895,71.62010192871094,0,0,0
896,73.08000183105469,0,0,0
897,66.87000274658203,0,0,0
898,64.86000061035156,0,0,0
899,65.9124984741211,0,0,0
900,66.5199966430664,0,0,0
901,64.51000213623047,0,0,0
902,66.16000366210938,0,0,0
903,65.83000183105469,0,0,0
904,67.1500015258789,0,0,0
905,64.0811996459961,0,0,0
906,64.86000061035156,0,0,0
907,66.55000305175781,1,0,0
908,65.41000366210938,0,0,0
909,66.54000091552734,0,0,0
910,67.25,0,0,0
911,65.12000274658203,0,1,0
912,64.01000213623047,0,1,0
913,64.5999984741211,0,1,0
914,63.595001220703125,0,1,0
915,62.31999969482422,0,1,0
916,61.68999862670898,0,1,0
917,62.45000076293945,0,1,0
918,56.13999938964844,-1,0,0
919,56.52999877929688,0,0,0
920,55.95000076293945,0,0,0
921,56.13999938964844,0,0,0
922,55.52360153198242,0,0,0
923,54.43000030517578,0,0,0
924,53.58000183105469,0,0,0
925,53.470001220703125,0,0,0
926,53.34999847412109,0,0,0
927,53.2599983215332,0,0,0
928,55.369998931884766,0,0,0
929,55.09999847412109,1,0,0
930,54.56999969482422,0,0,0
931,57.775001525878906,0,0,0
932,45.79999923706055,-1,0,0
933,48.42409896850586,0,0,0
934,48.83000183105469,0,0,0
935,45.79999923706055,0,0,0
936,46.52999877929688,0,0,0
937,45.45000076293945,0,0,0
938,41.209999084472656,0,0,0
939,42.33000183105469,0,0,-1
940,43.40999984741211,0,0,-1
941,43.93999862670898,0,0,-1
942,43.130001068115234,0,0,-1
943,43.947601318359375,1,0,-1
944,43.9900016784668,0,0,-1
945,44.72999954223633,0,0,-1
946,41.33000183105469,0,0,0
947,39.27999877929688,0,0,0
948,38.38999938964844,-1,0,0
949,33.119998931884766,0,0,0
950,36.880001068115234,0,0,0
951,36.630001068115234,0,0,0
952,39.46009826660156,1,0,0
953,42.58599853515625,0,0,0
954,42.880001068115234,0,0,0
955,41.54999923706055,0,0,0
956,40.625,0,0,0
957,41.23260116577149,0,0,0
958,41.04999923706055,0,0,0
959,39.9900016784668,0,0,0
960,40.5458984375,0,0,0
961,41.59999847412109,0,0,0
962,40.67499923706055,0,0,0
963,39.709999084472656,0,0,0
964,39.29999923706055,0,0,0
965,39.27999877929688,0,0,0
966,38.0099983215332,0,0,0
967,37.37220001220703,0,0,0
968,36.18999862670898,0,0,0
969,37.96530151367188,0,0,0
970,39.27000045776367,0,0,0
971,39.61000061035156,0,0,0
972,39.150001525878906,0,0,0
973,40.0099983215332,0,0,0
974,47.290000915527344,0,0,0
975,47.63999938964844,0,0,0
976,48.7400016784668,0,0,0
977,47.494998931884766,0,0,0
978,46.22999954223633,0,0,0
979,46.34999847412109,0,0,0
980,46.36000061035156,0,0,0
981,50.93999862670898,0,0,0
982,54.26499938964844,0,0,0
983,55.04999923706055,0,0,0
984,56.47999954223633,0,0,0
985,55.59999847412109,0,0,0
986,54.36000061035156,0,0,0
987,52.3849983215332,0,0,0
988,57.65629959106445,0,0,0
989,57.09999847412109,0,0,0
990,57.09999847412109,0,0,0
991,54.81269836425781,0,0,0
992,54.68000030517578,0,0,0
993,55.18999862670898,-1,0,0
994,56.040000915527344,0,0,0
995,52.13999938964844,0,0,0
996,52.290000915527344,0,0,0
997,52.2400016784668,0,0,0
998,53.2599983215332,0,0,0
999,53.43999862670898,0,0,0
1000,54.121700286865234,0,0,0
1001,53.34000015258789,0,0,0
1002,52.185001373291016,0,0,0
1003,54.03229904174805,0,0,0
1004,54.96500015258789,0,0,0
1005,55.18999862670898,0,0,0
1006,54.93999862670898,0,0,0
1007,54.619998931884766,0,0,0
1008,55.0,0,0,0
1009,54.18000030517578,0,0,0
1010,54.212398529052734,0,0,0
1011,53.11000061035156,0,0,0
1012,52.72999954223633,0,0,0
1013,52.79999923706055,0,0,0
1014,51.54499816894531,0,0,0
1015,52.38999938964844,0,0,0
1016,48.97499847412109,0,0,0
1017,48.29999923706055,0,0,0
1018,47.959999084472656,0,0,0
1019,47.400001525878906,0,0,0
1020,47.700801849365234,0,0,0
1021,46.69499969482422,0,0,0
1022,46.810001373291016,0,0,0
1023,47.41999816894531,0,0,0
1024,46.34999847412109,0,0,0
1025,46.5099983215332,0,0,0
1026,45.91999816894531,0,0,0
1027,45.380001068115234,0,0,0
1028,45.27000045776367,0,0,0
1029,45.86000061035156,0,0,0
1030,43.90999984741211,0,0,0
1031,43.11000061035156,0,0,0
1032,42.790000915527344,0,0,0
1033,42.869998931884766,0,0,0
1034,43.57500076293945,0,0,0
1035,43.34000015258789,0,0,0
1036,43.75,0,0,0
1037,48.290000915527344,1,0,0
1038,47.880001068115234,0,0,0
1039,49.31999969482422,0,0,0
1040,49.52000045776367,0,0,0
1041,50.02000045776367,0,0,0
1042,50.88999938964844,0,0,0
1043,50.41999816894531,0,0,0
1044,51.43999862670898,0,0,0
1045,51.619998931884766,0,0,0
1046,52.29410171508789,0,0,0
1047,51.54499816894531,0,0,0
1048,51.06999969482422,0,0,0
1049,50.095001220703125,0,0,0
1050,50.29999923706055,0,0,0
1051,54.7400016784668,0,0,0
1052,56.06999969482422,0,0,0
1053,55.79499816894531,0,0,0
1054,56.22999954223633,0,0,0
1055,56.40999984741211,0,0,0
1056,56.56999969482422,0,0,0
1057,57.0,0,0,0
1058,60.38999938964844,0,0,0
1059,59.84999847412109,0,0,0
1060,59.72999954223633,0,0,0
1061,61.09999847412109,0,0,0
1062,59.560001373291016,0,0,0
1063,59.44499969482422,0,0,0
1064,59.209999084472656,0,0,0
1065,57.68000030517578,-1,0,0
1066,57.3129997253418,0,0,0
1067,58.52000045776367,0,0,0
1068,58.720001220703125,0,0,0
1069,59.21989822387695,0,0,0
1070,59.13999938964844,0,0,0
1071,59.43999862670898,0,0,0
1072,61.5,0,0,0
1073,59.9900016784668,0,0,0
1074,61.560001373291016,0,0,0
1075,61.750099182128906,0,0,0
1076,61.88999938964844,0,0,0
1077,62.2400016784668,0,0,0
1078,62.40999984741211,0,0,0
1079,60.91999816894531,0,0,0
1080,61.220001220703125,0,0,0
1081,61.06990051269531,0,0,0
1082,60.60499954223633,0,0,0
1083,60.77989959716797,0,0,0
1084,61.04999923706055,0,0,0
1085,61.29999923706055,0,0,0
1086,57.85219955444336,0,0,1
1087,58.630001068115234,0,0,1
1088,58.29999923706055,0,0,1
1089,57.52999877929688,0,0,1
1090,57.63010025024414,0,0,1
1091,56.91999816894531,0,0,1
1092,57.290000915527344,0,0,1
1093,59.88999938964844,0,0,0
1094,60.65499877929688,0,0,0
1095,60.41999816894531,0,0,0
1096,60.67990112304688,1,0,0
1097,60.880001068115234,0,0,0
1098,61.02999877929688,0,0,0
1099,61.09000015258789,0,0,0
1100,61.119998931884766,0,0,0
1101,62.68000030517578,0,0,0
1102,62.82500076293945,0,0,0
1103,61.68709945678711,0,0,0
1104,61.125,0,0,0
1105,61.29069900512695,0,0,0
1106,61.040000915527344,0,0,0
1107,59.25,-1,0,0
1108,56.93999862670898,0,0,0
1109,57.5,0,0,0
1110,57.470001220703125,0,0,0
1111,58.95000076293945,0,0,0
1112,57.6349983215332,0,0,0
1113,57.380001068115234,0,0,0
1114,58.560001373291016,0,0,0
1115,59.43999862670898,0,0,0
1116,60.0099983215332,0,0,0
1117,60.38999938964844,1,0,0
1118,60.36690139770508,0,0,0
1119,60.66999816894531,0,0,0
1120,60.900001525878906,0,0,0
1121,61.900001525878906,0,0,0
1122,62.540000915527344,0,0,0
1123,63.380001068115234,0,0,0
1124,62.29999923706055,0,0,0
1125,62.560001373291016,0,0,0
1126,62.22999954223633,0,0,0
1127,61.82749938964844,0,0,0
1128,61.72999954223633,0,0,0
1129,61.28829956054688,0,0,0
1130,61.91999816894531,0,0,0
1131,61.72999954223633,-1,0,0
1132,61.84999847412109,0,0,0
1133,62.13999938964844,0,0,0
1134,61.97499847412109,0,0,0
1135,63.56999969482422,1,0,0
1136,63.95000076293945,0,0,0
1137,63.76549911499024,0,0,0
1138,63.5099983215332,0,0,0
1139,63.48139953613281,0,0,0
1140,63.77000045776367,0,0,0
1141,63.63999938964844,0,0,0
1142,62.29999923706055,-1,0,0
1143,61.665000915527344,0,0,0
1144,61.77999877929688,0,0,0
1145,62.12689971923828,0,0,0
1146,62.34000015258789,0,0,0
1147,62.2599983215332,0,0,0
1148,61.75,0,0,0
1149,66.06999969482422,1,0,0
1150,65.5,0,0,0
1151,65.41000366210938,0,0,0
1152,65.06999969482422,0,0,0
1153,65.08619689941406,0,0,0
1154,66.16000366210938,0,0,0
1155,65.75,0,0,0
1156,66.0801010131836,0,0,0
1157,66.41000366210938,0,0,0
1158,65.91000366210938,0,0,0
1159,65.73999786376953,0,0,0
1160,65.8499984741211,0,0,0
1161,65.27999877929688,-1,0,0
1162,65.25,0,0,0
1163,62.71469879150391,0,0,0
1164,62.66999816894531,0,0,0
1165,62.209999084472656,0,0,0
1166,62.04990005493164,0,0,0
1167,62.21500015258789,0,0,0
1168,62.67990112304688,0,0,0
1169,63.0,0,0,0
1170,63.79999923706055,0,0,0
1171,63.54499816894531,0,0,0
1172,64.02999877929688,0,0,0
1173,63.07509994506836,0,0,0
1174,63.310001373291016,0,0,0
1175,63.5,0,0,0
1176,63.68000030517578,0,0,0
1177,65.88999938964844,1,0,0
1178,67.04000091552734,0,0,0
1179,67.46610260009766,0,0,0
1180,67.62999725341797,0,0,0
1181,68.23750305175781,0,0,0
1182,67.6500015258789,0,0,0
1183,66.68499755859375,0,0,0
1184,68.30999755859375,0,0,0
1185,68.8499984741211,0,0,0
1186,68.86000061035156,0,0,0
1187,68.61000061035156,0,0,0
1188,69.0083999633789,0,0,0
1189,69.16000366210938,0,0,0
1190,68.2300033569336,0,0,0
1191,74.30000305175781,0,0,0
1192,76.0177993774414,0,0,0
1193,75.91999816894531,0,0,0
1194,75.59809875488281,0,0,0
1195,75.55000305175781,0,0,0
1196,75.23999786376953,0,0,0
1197,74.62999725341797,0,0,0
1198,73.33999633789062,0,0,0
1199,73.11499786376953,0,0,0
1200,74.58110046386719,-1,0,0
1201,75.13279724121094,0,0,0
1202,75.37999725341797,0,0,0
1203,75.93000030517578,0,0,0
1204,76.05999755859375,0,0,0
1205,75.0199966430664,0,0,0
1206,74.62999725341797,0,0,0
1207,75.4738998413086,0,0,0
1208,75.1500015258789,0,0,0
1209,75.0999984741211,0,0,0
1210,75.18000030517578,0,0,0
1211,74.93000030517578,0,0,0
1212,74.97000122070312,0,0,0
1213,75.63279724121094,0,0,0
1214,75.41000366210938,0,0,0
1215,74.86000061035156,0,0,0
1216,76.18990325927734,0,0,0
1217,76.05000305175781,0,0,0
1218,75.20999908447266,0,0,0
1219,74.94999694824219,0,0,0
1220,75.06999969482422,0,0,0
1221,72.0999984741211,0,0,0
1222,72.5199966430664,0,0,0
1223,72.6500015258789,0,0,0
1224,72.18360137939453,0,0,0
1225,73.7699966430664,0,0,0
1226,72.76000213623047,0,0,0
1227,75.5199966430664,0,0,0
1228,75.0199966430664,0,0,0
1229,76.94999694824219,1,0,0
1230,76.5635986328125,0,0,0
1231,77.697998046875,0,0,0
1232,78.20500183105469,0,0,0
1233,78.58000183105469,0,-1,0
1234,78.93000030517578,0,-1,0
1235,79.47000122070312,0,-1,0
1236,80.44999694824219,0,-1,0
1237,80.95999908447266,0,-1,0
1238,80.58000183105469,0,-1,0
1239,80.38999938964844,0,-1,0
1240,78.1719970703125,0,0,0
1241,78.2571029663086,0,0,0
1242,77.91000366210938,-1,0,0
1243,78.19000244140625,0,0,0
1244,76.91999816894531,0,0,0
1245,77.04010009765625,0,0,0
1246,76.61000061035156,0,0,0
1247,78.68000030517578,0,0,0
1248,79.95999908447266,0,0,0
1249,80.70999908447266,0,0,0
1250,81.33499908447266,1,0,0
1251,81.44059753417969,0,0,0
1252,80.98999786376953,0,0,0
1253,79.2300033569336,0,0,0
1254,82.12989807128906,0,0,0
1255,82.09100341796875,0,0,0
1256,81.4000015258789,0,0,0
1257,81.37999725341797,0,0,0
1258,81.29000091552734,0,0,0
1259,81.91999816894531,0,0,0
1260,82.0,0,0,0
1261,80.33000183105469,-1,0,0
1262,79.25,0,0,0
1263,80.94999694824219,0,0,0
1264,81.16000366210938,0,0,0
1265,81.45989990234375,0,0,0
1266,81.48999786376953,0,0,0
1267,81.5199966430664,0,0,0
1268,81.95999908447266,0,0,0
1269,81.19999694824219,0,0,0
1270,81.9800033569336,0,0,0
1271,81.93499755859375,0,0,0
1272,81.83999633789062,0,0,0
1273,81.44999694824219,0,0,0
1274,81.5,0,0,0
1275,81.87999725341797,0,0,0
1276,81.61000061035156,0,0,0
1277,80.88999938964844,0,0,0
1278,81.31999969482422,0,0,0
1279,81.44499969482422,0,0,0
1280,81.13999938964844,0,0,0
1281,80.80000305175781,0,0,0
1282,78.70999908447266,0,0,0
1283,77.85579681396484,0,0,0
1284,78.44999694824219,0,0,0
1285,78.94999694824219,0,0,0
1286,79.9000015258789,0,0,0
1287,80.53209686279297,0,0,0
1288,80.95999908447266,0,0,0
1289,81.61000061035156,1,0,0
1290,82.08000183105469,0,0,0
1291,81.66000366210938,0,0,0
1292,81.62550354003906,0,0,0
1293,80.33999633789062,0,0,0
1294,79.5,-1,0,0
1295,79.5999984741211,0,0,0
1296,80.36000061035156,0,0,0
1297,80.6500015258789,0,0,0
1298,80.70999908447266,0,0,0
1299,80.68000030517578,1,0,0
1300,80.70999908447266,0,0,0
1301,80.57559967041016,0,0,0
1302,81.13999938964844,0,0,0
1303,81.37000274658203,0,0,0
1304,81.76000213623047,0,0,0
1305,81.94999694824219,0,0,0
1306,83.1449966430664,0,0,0
1307,82.94999694824219,0,0,0
1308,82.87590026855469,0,0,0
1309,82.72000122070312,0,0,0
1310,86.9800033569336,0,0,0
1311,86.16999816894531,0,0,0
1312,87.19989776611328,0,0,0
1313,87.05999755859375,0,0,0
1314,87.51000213623047,0,0,0
1315,88.05500030517578,0,0,0
1316,88.01010131835938,0,0,0
1317,91.3314971923828,0,0,0
1318,91.9499969482422,0,0,0
1319,91.13999938964844,0,0,0
1320,91.91000366210938,0,0,0
1321,91.88999938964844,0,0,0
1322,91.93000030517578,0,0,0
1323,91.98999786376952,0,0,0
1324,91.0,0,0,0
1325,88.87000274658203,-1,0,0
1326,88.80000305175781,0,0,0
1327,88.2699966430664,0,0,0
1328,88.12999725341797,0,0,0
1329,87.08000183105469,0,0,0
1330,87.70999908447266,0,0,0
1331,88.49500274658203,0,0,0
1332,91.1999969482422,0,0,0
1333,90.5500030517578,0,0,0
1334,90.1501007080078,0,0,0
1335,89.93000030517578,0,0,0
1336,89.75,0,0,0
1337,89.95999908447266,0,0,0
1338,89.55000305175781,0,0,0
1339,89.16999816894531,0,0,0
1340,88.44000244140625,0,0,0
1341,89.05999755859375,0,0,0
1342,88.91999816894531,0,0,0
1343,88.93000030517578,0,0,0
1344,89.61000061035156,0,0,0
1345,90.11000061035156,0,0,0
1346,90.43000030517578,0,0,0
1347,90.7699966430664,0,0,0
1348,91.00869750976562,1,0,0
1349,90.43000030517578,0,0,0
1350,90.22949981689452,-1,0,0
1351,89.52999877929688,0,0,0
1352,90.73999786376952,0,0,0
1353,90.83999633789062,0,0,0
1354,90.77999877929688,0,0,0
1355,90.19000244140624,0,0,0
1356,92.77999877929688,1,0,0
1357,92.63999938964844,0,0,0
1358,91.9000015258789,0,0,0
1359,89.13999938964844,-1,0,0
1360,88.25499725341797,0,0,0
1361,86.70249938964844,0,0,0
1362,86.60250091552734,0,0,0
1363,86.91000366210938,0,0,0
1364,86.63999938964844,0,0,0
1365,86.08999633789062,0,0,0
1366,86.92500305175781,0,0,0
1367,85.11000061035156,0,0,0
1368,85.88999938964844,0,0,0
1369,85.79989624023438,0,0,0
1370,85.5999984741211,0,0,0
1371,85.55000305175781,0,0,0
1372,86.70999908447266,0,0,0
1373,87.28099822998047,0,0,0
1374,88.18000030517578,1,0,0
1375,89.48999786376953,0,0,0
1376,90.39830017089844,0,0,0
1377,90.81999969482422,0,0,0
1378,90.76000213623048,0,0,0
1379,91.08000183105467,0,0,0
1380,94.76000213623048,0,0,0
1381,95.08999633789062,0,0,0
1382,95.29000091552734,0,0,0
1383,95.11000061035156,0,0,0
1384,94.46499633789062,0,0,0
1385,94.68499755859376,0,0,0
1386,94.73999786376952,0,0,0
1387,98.6449966430664,0,0,0
1388,99.25080108642578,0,0,0
1389,99.52940368652344,0,0,0
1390,99.0500030517578,0,0,0
1391,98.33599853515624,0,0,0
1392,96.58999633789062,0,0,0
1393,97.05999755859376,0,0,0
1394,97.74500274658205,0,0,0
1395,98.0,-1,0,0
1396,97.73989868164062,0,0,0
1397,98.0999984741211,0,0,0
1398,97.80500030517578,0,0,0
1399,97.91169738769533,0,0,0
1400,98.2699966430664,0,0,0
1401,101.29000091552734,0,0,0
1402,101.62100219726562,1,0,0
1403,99.0500030517578,-1,0,0
1404,98.80999755859376,0,0,0
1405,98.3499984741211,0,0,0
1406,99.05999755859376,0,0,0
1407,97.9800033569336,0,0,0
1408,103.83000183105467,0,0,0
1409,104.4000015258789,1,0,0
1410,105.08000183105467,0,0,0
1411,103.68000030517578,0,0,0
1412,104.51000213623048,0,0,0
1413,104.83000183105467,0,0,0
1414,104.23999786376952,0,0,0
1415,104.5999984741211,0,0,0
1416,106.33999633789062,0,0,0
1417,105.25,0,0,0
1418,105.84500122070312,0,0,0
1419,105.04000091552734,0,0,0
1420,104.25,-1,0,0
1421,104.73999786376952,0,0,0
1422,102.95999908447266,0,0,0
1423,101.01000213623048,0,0,0
1424,101.2480010986328,0,0,0
1425,100.9800033569336,0,0,0
1426,101.125,0,0,0
1427,100.47000122070312,0,0,0
1428,100.87999725341795,0,0,0
1429,105.81500244140624,0,0,0
1430,105.1449966430664,0,0,0
1431,105.00499725341795,0,0,0
1432,104.73999786376952,0,0,0
1433,103.66000366210938,0,0,0
1434,104.43000030517578,0,0,0
1435,104.87999725341795,0,0,0
1436,103.85009765625,0,0,0
1437,104.20999908447266,0,0,0
1438,105.33999633789062,0,0,0
1439,106.12000274658205,1,0,0
1440,106.33000183105467,0,0,0
1441,106.66999816894533,0,0,0
1442,104.30999755859376,0,0,0
1443,104.32990264892578,-1,0,0
1444,104.1999969482422,0,0,0
1445,104.2750015258789,0,0,0
1446,103.19000244140624,0,0,0
1447,102.16000366210938,0,0,0
1448,102.58000183105467,0,0,0
1449,103.66999816894533,0,0,0
1450,103.12000274658205,0,0,0
1451,103.83999633789062,0,0,0
1452,104.38999938964844,0,0,0
1453,104.5199966430664,0,0,0
1454,105.16000366210938,0,0,0
1455,104.52999877929688,1,0,0
1456,104.8499984741211,0,0,0
1457,110.72989654541016,0,0,0
1458,111.16010284423828,0,0,0
1459,114.12999725341795,0,0,0
1460,113.33000183105467,0,0,0
1461,114.48899841308594,0,0,0
1462,116.58999633789062,0,0,0
1463,115.9000015258789,0,0,0
1464,115.80999755859376,0,0,0
1465,114.62000274658205,0,0,0
1466,116.22000122070312,0,0,0
1467,115.2300033569336,0,0,0
1468,114.95500183105467,0,0,0
1469,113.9800033569336,0,0,0
1470,113.38999938964844,-1,0,0
1471,125.7249984741211,1,0,0
1472,127.0999984741211,0,0,0
1473,123.81999969482422,0,0,0
1474,122.05999755859376,0,0,0
1475,120.64009857177734,0,0,0
1476,119.02999877929688,0,0,0
1477,118.94000244140624,-1,0,0
1478,127.85990142822266,1,0,0
1479,128.81320190429688,0,0,0
1480,126.75,0,0,0
1481,127.3000030517578,0,0,0
1482,125.80500030517578,0,0,0
1483,125.9000015258789,0,0,0
1484,125.62000274658205,-1,0,0
1485,130.10169982910156,1,0,0
1486,131.24000549316406,0,0,0
1487,133.0500030517578,0,0,0
1488,132.94000244140625,0,0,0
1489,132.4499969482422,0,0,0
1490,133.02499389648438,0,0,0
1491,133.38999938964844,0,0,0
1492,131.75999450683594,-1,0,0
1493,128.83999633789062,0,0,0
1494,128.08990478515625,0,0,0
1495,130.35000610351562,0,0,0
1496,129.71009826660156,0,0,0
1497,129.05999755859375,0,0,0
1498,129.38999938964844,0,0,0
1499,126.87000274658205,0,0,0
1500,126.13999938964844,0,0,0
1501,125.97000122070312,0,0,0
1502,126.27999877929688,0,0,0
1503,126.04000091552734,0,0,0
1504,128.00010681152344,0,0,0
1505,128.07000732421875,0,0,0
1506,131.5447998046875,0,0,0
1507,129.4499969482422,0,0,0
1508,127.51000213623048,0,0,0
1509,128.04989624023438,0,0,0
1510,124.08999633789062,0,0,0
1511,119.77999877929688,0,0,0
1512,118.7300033569336,0,0,0
1513,116.16500091552734,0,0,0
1514,117.83999633789062,0,0,0
1515,119.20999908447266,0,0,0
1516,118.9250030517578,0,0,0
1517,120.80010223388672,0,0,0
1518,120.0958023071289,0,0,0
1519,121.23999786376952,0,0,0
1520,121.80999755859376,0,0,0
1521,120.10030364990234,0,0,0
1522,119.64649963378906,0,0,0
1523,120.01499938964844,0,0,0
1524,121.83999633789062,1,0,0
1525,121.58080291748048,0,0,0
1526,122.1999969482422,0,0,0
1527,120.13999938964844,0,0,0
1528,118.28990173339844,0,0,0
1529,119.3311004638672,0,0,0
1530,121.0999984741211,0,0,0
1531,121.3730010986328,0,0,0
1532,120.46959686279295,0,0,0
1533,119.95999908447266,0,0,0
1534,119.2020034790039,0,0,0
1535,119.6500015258789,0,0,0
1536,120.1999969482422,0,0,0
1537,120.00389862060548,0,0,0
1538,120.2699966430664,0,0,0
1539,120.72940063476562,0,0,0
1540,120.72000122070312,0,0,0
1541,125.53500366210938,0,0,0
1542,126.41000366210938,0,0,0
1543,126.72000122070312,0,0,0
1544,127.06999969482422,0,0,0
1545,127.50520324707033,0,0,0
1546,128.90499877929688,0,0,0
1547,128.38999938964844,0,0,0
1548,126.5199966430664,0,0,0
1549,128.4250030517578,0,0,0
1550,127.25,0,0,0
1551,128.57000732421875,0,0,0
1552,128.97999572753906,0,0,0
1553,127.41999816894533,0,0,0
1554,127.0,0,0,0
1555,129.97000122070312,0,0,0
1556,129.05999755859375,0,0,0
1557,128.41000366210938,0,0,0
1558,128.02000427246094,-1,0,0
1559,127.2699966430664,0,0,0
1560,127.7249984741211,0,0,0
1561,129.2100067138672,0,0,0
1562,128.17999267578125,0,0,0
1563,127.52999877929688,0,0,0
1564,124.13999938964844,0,0,0
1565,123.81999969482422,0,0,0
1566,122.81500244140624,0,0,0
1567,122.7300033569336,0,0,0
1568,122.93000030517578,0,0,0
1569,121.7699966430664,0,0,0
1570,122.57820129394533,0,0,0
1571,121.14820098876952,0,0,0
1572,120.46309661865234,0,0,0
1573,122.61000061035156,0,0,0
1574,121.11000061035156,0,0,0
1575,121.41000366210938,0,0,0
1576,124.12999725341795,0,0,0
1577,122.7750015258789,0,0,0
1578,122.9677963256836,0,0,0
1579,124.20500183105467,1,0,0
1580,125.9800033569336,0,0,0
1581,125.70999908447266,0,0,0
1582,125.73999786376952,0,0,0
1583,126.11000061035156,0,0,0
1584,124.71499633789062,0,0,0
1585,126.1999969482422,0,0,0
1586,126.0500030517578,0,0,0
1587,124.9000015258789,0,0,0
1588,124.072998046875,0,0,0
1589,123.51000213623048,0,0,0
1590,126.58399963378906,0,0,0
1591,126.98999786376952,0,0,0
1592,127.29000091552734,0,0,0
1593,127.9000015258789,0,0,0
1594,128.63999938964844,0,0,0
1595,127.87000274658205,0,0,0
1596,128.52999877929688,0,0,0
1597,126.70059967041016,0,0,0
1598,127.17320251464844,0,0,0
1599,128.88999938964844,0,0,0
1600,129.5850067138672,0,0,0
1601,128.5,0,0,0
1602,129.30999755859375,0,0,0
1603,129.1199951171875,0,0,0
1604,128.24099731445312,0,0,0
1605,129.1199951171875,0,0,0
1606,129.36000061035156,0,0,0
1607,129.10009765625,0,0,0
1608,128.49000549316406,-1,0,0
1609,129.1374053955078,0,0,0
1610,129.85000610351562,0,0,0
1611,133.83999633789062,1,0,0
1612,133.9250030517578,0,0,0
1613,135.60519409179688,0,0,0
1614,135.13999938964844,0,0,0
1615,135.10989379882812,0,0,0
1616,134.5500030517578,0,0,0
1617,134.8300018310547,0,0,0
1618,136.5800018310547,0,0,0
1619,136.39500427246094,0,0,0
1620,135.8800048828125,0,0,0
1621,135.72999572753906,0,0,0
1622,134.11160278320312,-1,0,0
1623,135.88999938964844,0,0,0
1624,136.82000732421875,0,0,0
1625,152.47000122070312,1,0,0
1626,153.16000366210938,0,0,0
1627,151.34500122070312,0,0,0
1628,147.36070251464844,0,0,0
1629,148.10000610351562,0,0,0
1630,147.9499969482422,0,0,0
1631,146.3800048828125,0,0,0
1632,152.11000061035156,0,0,0
1633,150.62399291992188,0,0,0
1634,153.02000427246094,0,0,0
1635,154.08639526367188,0,0,0
1636,154.77999877929688,0,0,0
1637,153.58999633789062,0,0,0
1638,153.97999572753906,0,0,0
1639,149.99330139160156,-1,0,0
1640,149.69500732421875,0,0,0
1641,148.10989379882812,0,0,0
1642,145.7050018310547,0,0,0
1643,143.80999755859375,0,0,0
1644,146.16000366210938,0,0,0
1645,147.22500610351562,0,0,0
1646,142.8699951171875,0,0,0
1647,142.7899932861328,0,0,0
1648,141.2100067138672,0,0,0
1649,143.47500610351562,0,0,0
1650,141.42999267578125,0,0,0
1651,139.97999572753906,0,0,0
1652,139.27000427246094,0,0,0
1653,138.67999267578125,0,0,0
1654,141.24000549316406,0,0,0
1655,141.9647979736328,0,0,0
1656,141.61000061035156,0,0,0
1657,139.44000244140625,0,0,0
1658,139.5,0,0,0
1659,138.2550048828125,0,0,0
1660,140.82000732421875,0,0,0
1661,141.5,0,0,0
1662,140.52000427246094,0,0,0
1663,138.72300720214844,0,0,0
1664,139.35000610351562,0,0,0
1665,138.66000366210938,0,0,0
1666,139.0198974609375,0,0,0
1667,142.08999633789062,1,0,0
1668,143.2550048828125,0,0,0
1669,145.10499572753906,0,0,0
1670,143.85000610351562,0,0,0
1671,142.52000427246094,0,0,0
1672,143.2899932861328,0,0,0
1673,143.16000366210938,0,0,0
1674,140.0800018310547,0,0,0
1675,140.77999877929688,0,0,0
1676,141.49000549316406,0,0,0
1677,142.0,0,0,0
1678,141.39999389648438,0,0,0
1679,141.6199951171875,0,0,0
1680,141.91000366210938,0,0,0
1681,147.80999755859375,0,0,0
1682,148.83999633789062,0,0,0
1683,150.3300018310547,0,0,0
1684,150.47500610351562,0,0,0
1685,153.1804962158203,0,0,0
1686,152.02000427246094,0,0,0
1687,152.4700927734375,0,0,0
1688,147.6999969482422,0,0,0
1689,149.9550018310547,0,0,0
1690,150.04440307617188,0,0,0
1691,150.5399932861328,0,0,0
1692,149.9499969482422,0,0,0
1693,150.51499938964844,0,0,0
1694,150.9600067138672,0,0,0
1695,150.08999633789062,-1,0,0
1696,150.08999633789062,0,0,0
1697,151.2100067138672,0,0,0
1698,151.5469970703125,0,0,0
1699,150.85499572753906,0,0,0
1700,151.1699981689453,0,0,0
1701,150.3699951171875,0,0,0
1702,156.6999969482422,1,0,0
1703,156.38999938964844,0,0,0
1704,156.2982940673828,0,0,0
1705,157.9600067138672,0,0,0
1706,157.5800018310547,0,0,0
1707,155.77000427246094,0,0,0
1708,156.0800018310547,0,0,0
1709,154.85499572753906,0,0,0
1710,155.01089477539062,-1,0,0
1711,153.7100067138672,0,0,0
1712,153.7100067138672,0,0,0
1713,154.25689697265625,0,0,0
1714,154.9499969482422,0,0,0
1715,155.1199951171875,0,0,0
1716,155.8699951171875,0,0,0
1717,151.88999938964844,0,0,0
1718,152.3928985595703,0,0,0
1719,151.80780029296875,0,0,0
1720,151.99000549316406,0,0,0
1721,151.7100067138672,0,0,0
1722,151.8350067138672,0,0,0
1723,152.7028045654297,0,0,0
1724,154.22999572753906,0,0,0
1725,154.10000610351562,0,0,0
1726,155.15939331054688,0,0,0
1727,155.4600067138672,1,0,0
1728,155.39999389648438,0,0,0
1729,155.0,0,0,0
1730,156.3249969482422,0,0,0
1731,156.24000549316406,0,0,0
1732,156.55999755859375,0,0,0
1733,155.58999633789062,0,0,0
1734,154.1999969482422,0,0,0
1735,153.61000061035156,-1,0,0
1736,153.8000030517578,0,0,0
1737,158.3300018310547,1,0,0
1738,159.26060485839844,0,0,0
1739,158.43499755859375,0,0,0
1740,157.4550018310547,0,0,0
1741,159.00999450683594,0,0,0
1742,157.99000549316406,0,0,0
1743,155.61000061035156,0,0,0
1744,157.72999572753906,0,0,0
1745,155.589599609375,-1,0,0
1746,155.32000732421875,0,0,0
1747,154.4300994873047,0,0,0
1748,155.19400024414062,0,0,0
1749,155.46499633789062,0,0,0
1750,155.85000610351562,0,0,0
1751,159.02000427246094,0,0,0
1752,157.34339904785156,0,0,0
1753,158.27330017089844,1,0,0
1754,159.1300048828125,0,0,0
1755,159.52999877929688,0,0,0
1756,159.4600067138672,0,0,0
1757,159.47000122070312,0,0,0
1758,168.64010620117188,0,0,0
1759,167.85000610351562,0,0,0
1760,168.56039428710938,0,0,0
1761,169.66009521484375,0,0,0
1762,169.6199951171875,0,0,0
1763,167.80999755859375,0,0,0
1764,166.6699981689453,0,0,0
1765,163.28500366210938,0,0,0
1766,160.60000610351562,-1,0,0
1767,161.8699951171875,0,0,0
1768,162.9499969482422,0,0,0
1769,162.83230590820312,0,0,0
1770,162.42999267578125,0,0,0
1771,162.875,0,0,0
1772,152.55499267578125,0,0,0
1773,151.61639404296875,0,0,0
1774,153.80999755859375,0,0,0
1775,154.3887939453125,0,0,0
1776,153.50999450683594,0,0,0
1777,151.64999389648438,0,0,0
1778,152.8699951171875,0,0,0
1779,139.35000610351562,0,0,0
1780,138.21499633789062,0,0,0
1781,145.0,0,0,0
1782,142.39999389648438,0,0,0
1783,143.7100067138672,0,0,0
1784,148.0399932861328,0,0,0
1785,146.39999389648438,0,0,0
1786,145.4550018310547,0,0,0
1787,143.89999389648438,0,0,0
1788,142.60009765625,0,0,0
1789,141.63999938964844,0,0,0
1790,140.3282928466797,0,0,0
1791,140.1199951171875,0,0,0
1792,139.11000061035156,0,0,0
1793,143.9781951904297,1,0,0
1794,143.78500366210938,0,0,0
1795,143.19000244140625,0,0,0
1796,143.2248992919922,0,0,0
1797,143.78500366210938,0,0,0
1798,144.58999633789062,0,0,0
1799,144.22000122070312,0,0,0
1800,146.36500549316406,0,0,0
1801,145.88999938964844,0,0,0
1802,144.35000610351562,0,0,0
1803,144.3800048828125,0,0,0
1804,140.2949981689453,0,0,0
1805,140.8300018310547,0,0,0
1806,141.00999450683594,0,0,0
1807,140.07000732421875,0,0,0
1808,139.60000610351562,0,0,0
1809,138.86500549316406,-1,0,0
1810,134.97000122070312,0,0,0
1811,136.27780151367188,0,0,0
1812,137.87570190429688,0,0,0
1813,137.4499969482422,0,0,0
1814,143.17999267578125,1,0,0
1815,143.74000549316406,0,0,0
1816,143.99989318847656,0,0,0
1817,143.9199981689453,0,0,0
1818,144.55999755859375,0,0,0
1819,144.57000732421875,0,0,0
1820,144.3000030517578,0,0,0
1821,153.21400451660156,0,0,0
1822,156.89999389648438,0,0,0
1823,156.1999969482422,0,0,0
1824,154.20010375976562,0,0,0
1825,154.52999877929688,0,0,0
1826,154.09500122070312,0,0,0
1827,154.49000549316406,0,0,0
1828,154.2100067138672,0,0,0
1829,152.30569458007812,0,0,0
1830,152.1300048828125,0,0,0
1831,151.71249389648438,0,0,0
1832,154.19000244140625,0,0,0
1833,152.2899932861328,-1,0,0
1834,151.13999938964844,0,0,0
1835,143.89999389648438,0,0,0
1836,144.33999633789062,0,0,0
1837,143.1750030517578,0,0,0
1838,144.25,0,0,0
1839,144.67999267578125,0,0,0
1840,144.39999389648438,0,0,0
1841,145.6739959716797,0,0,0
1842,147.0,0,0,0
1843,145.3300018310547,0,0,0
1844,145.14999389648438,0,0,0
1845,142.31500244140625,0,0,0
1846,142.49899291992188,0,0,0
1847,143.71290588378906,0,0,0
1848,145.0800018310547,0,0,0
1849,143.2899932861328,0,0,0
1850,145.13499450683594,0,0,0
1851,148.69000244140625,1,0,0
1852,150.7899932861328,0,0,0
1853,148.6875,0,0,0
1854,150.89999389648438,0,0,0
1855,151.02999877929688,0,0,0
1856,152.63999938964844,0,0,0
1857,151.86500549316406,0,0,0
1858,153.0323944091797,0,0,0
1859,154.1376953125,0,0,0
1860,154.6999969482422,0,0,0
1861,155.79010009765625,0,0,0
1862,155.52000427246094,0,0,0
1863,157.10000610351562,0,0,0
1864,154.7581024169922,0,0,0
1865,153.60000610351562,0,0,0
1866,153.8800048828125,0,0,0
1867,151.1999969482422,-1,0,0
1868,149.77499389648438,0,0,0
1869,149.72000122070312,0,0,0
1870,151.75999450683594,0,0,0
1871,153.74000549316406,0,0,0
1872,153.5117950439453,0,0,0
1873,154.79660034179688,0,0,0
1874,152.8800048828125,0,0,0
1875,151.33999633789062,0,0,0
1876,152.36000061035156,0,0,0
1877,155.07870483398438,0,0,0
1878,155.44219970703125,0,0,0
1879,155.66659545898438,1,0,0
1880,155.91000366210938,0,0,0
1881,157.75,0,0,0
1882,157.6291046142578,0,0,0
1883,157.75999450683594,0,0,0
1884,162.2449951171875,0,0,0
1885,161.50999450683594,0,0,0
1886,159.52239990234375,0,0,0
1887,159.9199981689453,0,0,0
1888,160.93710327148438,0,0,0
1889,161.08999633789062,0,0,0
1890,160.6999969482422,0,0,0
1891,166.69000244140625,0,0,0
1892,166.6300048828125,0,0,0
1893,164.69000244140625,0,0,0
1894,165.02000427246094,0,0,0
1895,166.89990234375,0,0,0
1896,164.55999755859375,0,0,0
1897,164.80999755859375,0,0,0
1898,165.3592987060547,0,0,0
1899,165.35000610351562,-1,0,0
1900,164.9499969482422,0,0,0
1901,163.57000732421875,0,0,0
1902,163.80999755859375,0,0,0
1903,162.49240112304688,0,0,0
1904,162.55999755859375,0,0,0
1905,166.77999877929688,0,0,0
1906,167.64999389648438,0,0,0
1907,166.7550048828125,0,0,0
1908,167.60000610351562,0,0,0
1909,167.69000244140625,0,0,0
1910,167.52479553222656,0,0,0
1911,168.60000610351562,1,0,0
1912,169.72000122070312,0,0,0
1913,169.64999389648438,0,0,0
1914,170.14999389648438,0,0,0
1915,169.16000366210938,0,0,0
1916,168.375,-1,0,0
1917,169.625,0,0,0
1918,169.61000061035156,0,0,0
1919,177.74000549316406,1,0,0
1920,178.05999755859375,0,0,0
1921,179.6699981689453,0,0,0
1922,179.3699951171875,0,0,0
1923,178.8000030517578,0,0,0
1924,180.44000244140625,0,0,0
1925,181.0,0,0,0
1926,179.83180236816406,0,0,0
1927,179.1199951171875,0,0,0
1928,179.81500244140625,0,0,0
1929,179.9600067138672,0,0,0
1930,180.72000122070312,0,0,0
1931,176.25,-1,0,0
1932,175.30999755859375,0,0,0
1933,180.2250061035156,0,0,0
1934,180.23260498046875,0,0,0
1935,179.58990478515625,0,0,0
1936,180.95339965820312,0,0,0
1937,180.3999938964844,0,0,0
1938,180.33999633789065,0,0,0
1939,180.1499938964844,0,0,0
1940,182.7550048828125,0,0,0
1941,183.88499450683597,0,0,0
1942,182.99659729003903,0,0,0
1943,184.3800048828125,0,0,0
1944,184.2700042724609,1,0,0
1945,183.83999633789065,-1,0,0
1946,183.5399932861328,0,0,0
1947,184.6000061035156,0,0,0
1948,185.38999938964844,0,0,0
1949,186.34950256347656,0,0,0
1950,186.47999572753903,1,0,0
1951,186.3600006103516,0,0,0
1952,187.93499755859372,0,0,0
1953,187.25,0,0,0
1954,188.20989990234372,0,0,0
1955,187.16000366210935,-1,0,0
1956,187.32839965820312,0,0,0
1957,186.5200042724609,0,0,0
1958,186.1083984375,0,0,0
1959,185.30499267578125,0,0,0
1960,185.2100067138672,0,0,0
1961,190.1501007080078,0,0,0
1962,190.41839599609372,0,0,0
1963,190.50999450683597,1,0,0
1964,190.6999969482422,0,0,0
1965,189.46209716796875,0,0,0
1966,190.83999633789065,0,0,0
1967,190.47000122070312,-1,0,0
1968,186.86399841308597,0,0,0
1969,189.2700042724609,0,0,0
1970,185.8966064453125,0,0,0
1971,187.11790466308597,0,0,0
1972,187.61900329589844,0,0,0
1973,187.89010620117188,0,0,0
1974,187.4900054931641,0,0,0
1975,185.1161956787109,0,0,0
1976,185.4501037597656,0,0,0
1977,186.7899932861328,0,0,0
1978,186.3300018310547,0,0,0
1979,186.33889770507807,0,0,0
1980,187.7100067138672,0,0,0
1981,188.6100006103516,0,0,0
1982,188.94000244140625,0,0,0
1983,185.97999572753903,0,0,0
1984,187.3950042724609,0,0,0
1985,187.35499572753903,0,0,0
1986,187.8600006103516,0,0,0
1987,187.0800018310547,0,0,0
1988,186.3500061035156,0,0,0
1989,189.7700958251953,1,0,0
1990,190.08999633789065,0,0,0
1991,189.3800048828125,0,0,0
1992,190.47999572753903,0,0,0
1993,189.4654998779297,0,0,0
1994,186.7749938964844,0,0,0
1995,186.9949951171875,-1,0,0
1996,187.10450744628903,0,0,0
1997,185.77999877929688,0,0,0
1998,186.6999969482422,0,0,0
1999,188.1150054931641,0,0,0
2000,187.95950317382807,0,0,0
2001,186.07000732421875,0,0,0
2002,185.67999267578125,0,0,0
2003,180.7100067138672,0,0,0
2004,177.46189880371094,0,0,0
2005,180.31500244140625,0,0,0
2006,178.55999755859375,0,0,0
2007,177.88499450683594,0,0,0
2008,178.64349365234375,0,0,0
2009,177.9199981689453,0,0,0
2010,178.14999389648438,0,0,0
2011,176.85000610351562,0,0,0
2012,175.32049560546875,0,0,0
2013,176.71499633789062,0,0,0
2014,176.8800048828125,0,0,0
2015,176.22999572753906,0,0,0
2016,175.92999267578125,0,0,0
2017,176.6750030517578,0,0,0
2018,174.94000244140625,0,0,0
2019,174.36709594726562,0,0,0
2020,176.08999633789062,1,0,0
2021,176.17999267578125,0,0,0
2022,176.11500549316406,0,0,0
2023,176.77000427246094,0,0,0
2024,173.22999572753906,0,0,0
2025,170.60110473632812,-1,0,0
2026,169.97999572753906,0,0,0
2027,167.21119689941406,0,0,0
2028,169.3074951171875,0,0,0
2029,168.82000732421875,0,0,0
2030,169.88999938964844,0,0,0
2031,171.50999450683594,0,0,0
2032,172.92869567871094,1,0,0
2033,170.6199951171875,0,0,0
2034,170.0,0,0,0
2035,170.1699981689453,0,0,0
2036,170.22329711914062,0,0,0
2037,171.00999450683594,0,0,0
2038,165.72999572753906,0,0,0
2039,166.31500244140625,-1,0,0
2040,166.05999755859375,0,0,0
2041,165.4600067138672,0,0,0
2042,167.41000366210938,0,0,0
2043,167.97999572753906,1,0,0
2044,167.1300048828125,0,0,0
2045,169.6999969482422,0,0,0
2046,170.1199951171875,0,0,0
2047,169.23500061035156,0,0,0
2048,169.51499938964844,0,0,0
2049,170.0399932861328,0,0,0
2050,169.69000244140625,0,0,0
2051,169.86000061035156,0,0,0
2052,156.65829467773438,-1,0,0
2053,154.02430725097656,0,0,0
2054,156.1199951171875,0,0,0
2055,154.52000427246094,0,0,0
2056,153.44000244140625,0,0,0
2057,153.74000549316406,0,0,0
2058,154.99000549316406,0,0,0
2059,158.91000366210938,0,0,0
2060,157.72000122070312,0,0,0
2061,157.3300018310547,0,0,0
2062,154.72999572753906,0,0,0
2063,152.72000122070312,0,0,0
2064,153.77499389648438,0,0,0
2065,155.26930236816406,1,0,0
2066,159.22999572753906,0,0,0
2067,160.00999450683594,0,0,0
2068,160.31219482421875,0,0,0
2069,158.85000610351562,0,0,0
2070,157.97000122070312,0,0,0
2071,158.77499389648438,0,0,0
2072,158.22000122070312,0,0,0
2073,167.3350067138672,0,0,0
2074,168.24000549316406,0,0,0
2075,169.55999755859375,0,0,0
2076,168.67239379882812,0,0,0
2077,169.50999450683594,0,0,0
2078,169.9250030517578,0,0,0
2079,171.2899932861328,0,0,0
2080,174.9199981689453,0,0,0
2081,174.21749877929688,0,0,0
2082,173.75999450683594,0,0,0
2083,175.27000427246094,0,0,0
2084,174.10000610351562,0,0,0
2085,174.4600067138672,0,0,0
2086,175.55999755859375,0,0,0
2087,194.8800048828125,0,0,0
2088,196.2400054931641,0,0,0
2089,195.31500244140625,0,0,0
2090,199.13999938964844,0,0,0
2091,198.56829833984372,0,0,0
2092,199.22000122070312,0,0,0
2093,198.09930419921875,0,0,0
2094,193.1499938964844,0,0,0
2095,193.8500061035156,0,0,0
2096,188.80999755859372,-1,0,0
2097,187.82000732421875,0,0,0
2098,186.0,0,0,0
2099,187.04229736328125,0,0,0
2100,184.0,0,0,0
2101,169.6199951171875,0,0,0
2102,174.67999267578125,0,0,0
2103,175.5800018310547,0,0,0
2104,174.31500244140625,0,0,0
2105,172.90980529785156,0,0,0
2106,171.75999450683594,0,0,0
2107,172.10000610351562,0,0,0
2108,182.2751007080078,0,0,0
2109,181.5,0,0,0
2110,183.22999572753903,0,0,0
2111,181.58999633789065,0,0,0
2112,181.3800048828125,0,0,0
2113,181.9873046875,0,0,0
2114,183.3500061035156,1,0,0
2115,180.91099548339844,0,0,0
2116,181.3999938964844,0,0,0
2117,179.89999389648438,0,0,0
2118,178.04409790039062,-1,0,0
2119,178.11500549316406,0,0,0
2120,179.11000061035156,0,0,0
2121,178.47000122070312,0,0,0
2122,179.9199981689453,0,0,0
2123,177.99000549316406,0,0,0
2124,177.92999267578125,0,0,0
2125,177.99000549316406,0,0,0
2126,175.82000732421875,0,0,0
2127,176.8000030517578,0,0,0
2128,177.17999267578125,0,0,0
2129,177.6199951171875,0,0,0
2130,177.5399932861328,0,0,0
2131,175.64500427246094,0,0,0
2132,176.68980407714844,0,0,0
2133,177.81500244140625,0,0,0
2134,177.39999389648438,0,0,0
2135,179.16000366210938,1,0,0
2136,185.7700042724609,0,0,0
2137,187.6999969482422,0,0,0
2138,188.6000061035156,0,0,0
2139,188.8000030517578,0,0,0
2140,187.4900054931641,0,0,0
2141,187.67999267578125,0,0,0
2142,187.83999633789065,0,0,0
2143,183.77999877929688,0,0,0
2144,185.4600067138672,0,0,0
2145,186.72000122070312,0,0,0
2146,185.16000366210935,0,0,0
2147,185.2899932861328,0,0,0
2148,186.5,0,0,0
2149,185.5399932861328,-1,0,0
2150,187.30999755859372,0,0,0
2151,190.3500061035156,1,0,0
2152,190.61099243164065,0,0,0
2153,191.08999633789065,0,0,0
2154,193.50999450683597,0,0,0
2155,191.94500732421875,0,0,0
2156,191.5800018310547,0,0,0
2157,196.97999572753903,0,0,0
2158,198.59979248046875,0,0,0
2159,199.1519927978516,0,0,0
2160,200.8350067138672,0,0,0
2161,199.69000244140625,0,0,0
2162,197.38999938964844,0,0,0
2163,195.9900054931641,0,0,0
2164,201.42999267578125,0,0,0
2165,203.17999267578125,0,0,0
2166,207.13499450683597,0,0,0
2167,207.52999877929688,0,0,0
2168,207.38999938964844,0,0,0
2169,208.66000366210935,0,0,0
2170,207.6999969482422,0,0,0
2171,201.0850067138672,0,0,0
2172,202.97999572753903,-1,0,0
2173,202.4369964599609,0,0,0
2174,201.29730224609372,0,0,0
2175,201.1199951171875,0,0,0
2176,201.7949981689453,0,0,0
2177,202.9550018310547,0,0,0
2178,211.41000366210935,0,0,0
2179,212.96499633789065,1,0,0
2180,212.3950042724609,0,0,0
2181,212.72999572753903,0,0,0
2182,211.2978973388672,0,0,0
2183,213.27999877929688,0,0,0
2184,212.92999267578125,0,0,0
2185,210.60499572753903,0,0,0
2186,210.6100006103516,-1,0,0
2187,211.47569274902344,0,0,0
2188,212.47999572753903,0,0,0
2189,206.26499938964844,0,0,0
2190,205.55999755859372,0,0,0
2191,208.72999572753903,0,0,0
2192,209.3699951171875,0,0,0
2193,211.66000366210935,0,0,0
2194,210.8699951171875,0,0,0
2195,210.97999572753903,0,0,0
2196,206.6000061035156,0,0,0
2197,207.889892578125,0,0,0
2198,207.2400054931641,0,0,0
2199,208.1000061035156,0,0,0
2200,204.07249450683597,0,0,0
2201,201.30999755859372,0,0,0
2202,203.0,0,0,0
2203,197.59719848632807,0,0,0
2204,199.92210388183597,0,0,0
2205,199.83999633789065,0,0,0
2206,198.62559509277344,0,0,0
2207,200.6750030517578,0,0,0
2208,201.6499938964844,0,0,0
2209,202.1100006103516,0,0,0
2210,206.63999938964844,0,0,0
2211,205.3350067138672,1,0,0
2212,206.1100006103516,0,0,0
2213,205.3881072998047,0,0,0
2214,205.3699951171875,0,0,0
2215,206.17999267578125,0,0,0
2216,205.52999877929688,0,0,0
2217,206.1251983642578,0,0,0
2218,208.5200042724609,0,0,0
2219,209.30999755859372,0,0,0
2220,208.3300018310547,0,0,0
2221,207.27999877929688,0,0,0
2222,207.94500732421875,0,0,0
2223,208.1499938964844,0,0,0
2224,210.1499938964844,0,0,0
2225,211.92010498046875,0,0,0
2226,212.07620239257807,0,0,0
2227,211.92999267578125,0,0,0
2228,211.82200622558597,0,0,0
2229,213.1000061035156,0,0,0
2230,212.58999633789065,0,0,0
2231,209.6199951171875,0,0,0
2232,210.5,0,0,0
2233,208.75,-1,0,0
2234,210.22000122070312,0,0,0
2235,212.1649932861328,0,0,0
2236,212.13999938964844,0,0,0
2237,213.00999450683597,1,0,0
2238,218.5200042724609,0,0,0
2239,218.87820434570312,0,0,0
2240,215.22000122070312,0,0,0
2241,211.78500366210935,0,0,0
2242,208.22999572753903,-1,0,0
2243,205.72430419921875,0,0,0
2244,207.0,0,0,0
2245,212.5489959716797,0,0,0
2246,214.19000244140625,0,0,0
2247,211.91259765625,0,0,0
2248,214.1499938964844,0,0,0
2249,215.2749938964844,1,0,0
2250,216.32980346679688,0,0,0
2251,217.25,0,0,0
2252,221.07000732421875,0,0,0
2253,216.47999572753903,0,0,0
2254,214.60940551757807,0,0,0
2255,215.5,0,0,0
2256,216.4199981689453,0,0,0
2257,216.2050018310547,0,0,0
2258,216.6000061035156,0,0,0
2259,218.83929443359372,0,0,0
2260,218.66000366210935,0,0,0
2261,218.1000061035156,0,0,0
2262,217.47999572753903,0,0,0
2263,216.93739318847656,-1,0,0
2264,216.1450042724609,0,0,0
2265,215.8800048828125,0,0,0
2266,220.8101959228516,0,0,0
2267,218.298095703125,0,0,0
2268,219.86920166015625,1,0,0
2269,216.9199981689453,-1,0,0
2270,218.0482940673828,0,0,0
2271,219.1000061035156,0,0,0
2272,220.0,0,0,0
2273,222.3300018310547,1,0,0
2274,224.3999938964844,0,0,0
2275,225.1999969482422,0,0,0
2276,225.4900054931641,0,0,0
2277,224.66290283203125,0,0,0
2278,226.6100006103516,0,0,0
2279,226.8699951171875,0,0,0
2280,235.5,0,0,0
2281,236.15069580078125,0,0,0
2282,231.28500366210935,0,0,0
2283,231.75650024414065,0,0,0
2284,231.89010620117188,0,0,0
2285,227.8699951171875,0,0,0
2286,230.75,0,0,0
2287,232.71499633789065,0,0,0
2288,233.1300048828125,0,0,0
2289,234.2550048828125,0,0,0
2290,234.22000122070312,0,0,0
2291,235.5449981689453,0,0,0
2292,234.82000732421875,0,0,0
2293,235.5200042724609,0,0,0
2294,235.38999938964844,-1,0,0
2295,238.39349365234372,1,0,0
2296,237.00999450683597,0,0,0
2297,235.2050018310547,-1,0,0
2298,233.88720703125,0,0,0
2299,233.7700042724609,0,0,0
2300,233.38999938964844,0,0,0
2301,238.66000366210935,0,0,0
2302,238.34500122070312,0,0,0
2303,237.69329833984372,0,0,0
2304,240.08999633789065,0,0,0
2305,242.13999938964844,1,0,0
2306,242.0500030517578,0,0,0
2307,241.53419494628903,0,0,0
2308,232.13999938964844,-1,0,0
2309,233.8300018310547,0,0,0
2310,233.40499877929688,0,0,0
2311,233.0200042724609,0,0,0
2312,232.8999938964844,0,0,0
2313,231.6499938964844,0,0,0
2314,230.72000122070312,0,0,0
2315,227.0699005126953,0,0,0
2316,227.61050415039065,0,0,0
2317,230.1000061035156,0,0,0
2318,228.4499053955078,0,0,0
2319,221.0800018310547,0,0,0
2320,227.75,0,0,0
2321,226.7100067138672,0,0,0
2322,228.2760009765625,0,0,0
2323,225.00999450683597,0,0,0
2324,224.58999633789065,0,0,0
2325,223.3500061035156,0,0,0
2326,214.6977996826172,0,0,0
2327,213.7400054931641,0,0,0
2328,210.91000366210935,0,0,0
2329,212.11819458007807,0,0,0
2330,211.19000244140625,0,0,0
2331,212.6233062744141,0,0,0
2332,214.0,0,0,0
2333,218.1405029296875,0,0,0
2334,216.38999938964844,0,0,0
2335,217.40499877929688,1,0,0
2336,218.81869506835935,0,0,0
2337,219.91000366210935,0,0,0
2338,219.97999572753903,0,0,0
2339,221.02999877929688,0,0,0
2340,216.0,0,0,0
2341,218.4738006591797,0,0,0
2342,216.6499938964844,0,0,0
2343,216.80099487304688,0,0,0
2344,216.21560668945312,0,0,0
2345,215.9900054931641,0,0,0
2346,217.7100067138672,0,0,0
2347,225.4571075439453,0,0,0
2348,222.3656005859375,0,0,0
2349,217.32000732421875,0,0,0
2350,219.05499267578125,0,0,0
2351,218.5,0,0,0
2352,220.27999877929688,0,0,0
2353,221.1100006103516,0,0,0
2354,223.9499969482422,0,0,0
2355,224.6000061035156,0,0,0
2356,224.6300048828125,0,0,0
2357,224.75,0,0,0
2358,227.6999969482422,0,0,0
2359,229.0,0,0,0
2360,229.75,0,0,0
2361,227.34869384765625,0,0,0
2362,230.0500030517578,0,0,0
2363,232.17999267578125,0,0,0
2364,232.16000366210935,0,0,0
2365,231.3300018310547,0,0,0
2366,228.19000244140625,0,0,0
2367,226.8914031982422,0,0,0
2368,237.17730712890625,0,0,0
2369,237.97000122070312,0,0,0
2370,236.8000030517578,0,0,0
2371,239.3800048828125,0,0,0
2372,237.6699981689453,0,0,0
2373,238.41000366210935,0,0,0
2374,239.58999633789065,0,0,0
2375,239.33999633789065,0,0,0
2376,243.09500122070312,0,0,0
2377,241.50079345703125,0,0,0
2378,240.41000366210935,0,0,0
2379,239.92999267578125,0,0,0
2380,240.1000061035156,-1,0,0
2381,241.47999572753903,0,0,0
2382,230.1100006103516,0,0,0
2383,229.9626007080078,0,0,0
2384,229.55999755859372,0,0,0
2385,229.6300048828125,0,0,0
2386,228.5644073486328,0,0,0
2387,226.2449951171875,0,0,0
2388,225.5,0,0,0
2389,225.47999572753903,0,0,0
2390,228.8500061035156,0,0,0
2391,225.97000122070312,0,0,0
2392,226.00999450683597,0,0,0
2393,226.5399932861328,0,0,0
2394,227.6210021972656,0,0,0
2395,227.47000122070312,0,0,0
2396,229.9600067138672,0,0,0
2397,229.6324005126953,0,0,0
2398,231.66000366210935,1,0,0
2399,233.2873992919922,0,0,0
2400,234.0,0,0,0
2401,231.2100067138672,0,0,0
2402,230.94000244140625,0,0,0
2403,237.25,0,0,0
2404,237.13999938964844,0,0,0
2405,235.38510131835935,0,0,0
2406,233.25,0,0,0
2407,229.77999877929688,0,0,0
2408,232.1927032470703,0,0,0
2409,232.77999877929688,0,0,0
2410,229.2599029541016,-1,0,0
2411,229.0113983154297,0,0,0
2412,227.25010681152344,0,0,0
2413,229.7100067138672,0,0,0
2414,229.0399932861328,0,0,0
2415,227.5695953369141,0,0,0
2416,227.6499938964844,0,0,0
2417,224.58999633789065,0,0,0
2418,225.1499938964844,0,0,0
2419,224.6199951171875,0,0,0
2420,227.22000122070312,0,0,0
2421,226.55999755859372,0,0,0
2422,226.69110107421875,0,0,0
2423,227.1999969482422,0,0,0
2424,230.10499572753903,1,0,0
2425,226.94000244140625,0,0,0
2426,227.0200042724609,0,0,0
2427,228.1499938964844,0,0,0
2428,227.63999938964844,0,0,0
2429,226.80999755859372,0,0,0
2430,226.6499938964844,0,0,0
2431,221.6750030517578,-1,0,0
2432,221.16000366210935,0,0,0
2433,219.18719482421875,0,0,0
2434,220.62820434570312,0,0,0
2435,220.0760040283203,0,0,0
2436,220.4750061035156,0,0,0
2437,219.6199951171875,0,0,0
2438,220.66000366210935,0,0,0
2439,219.75,0,0,0
2440,219.57000732421875,0,0,0
2441,221.5200042724609,0,0,0
2442,220.91000366210935,1,0,0
2443,221.6000061035156,0,0,0
2444,222.85499572753903,0,0,0
2445,218.7400054931641,0,0,0
2446,214.19500732421875,-1,0,0
2447,215.31500244140625,0,0,0
2448,217.7700042724609,0,0,0
2449,216.2400054931641,0,0,0
2450,214.5200042724609,0,0,0
2451,216.6300048828125,0,0,0
2452,213.6300048828125,0,0,-1
2453,213.3999938964844,0,0,-1
2454,214.3000030517578,0,0,-1
2455,214.3500061035156,0,0,-1
2456,211.7550048828125,0,0,-1
2457,210.72999572753903,0,0,-1
2458,209.38999938964844,0,0,-1
2459,206.67999267578125,0,0,0
2460,206.97999572753903,0,0,0
2461,206.5843048095703,0,0,0
2462,206.10499572753903,0,0,0
2463,203.2250061035156,0,0,0
2464,201.47000122070312,0,0,0
2465,202.2899932861328,0,0,0
2466,213.0554962158203,1,0,0
2467,215.9149932861328,0,0,0
2468,216.2899932861328,0,0,0
2469,219.2899932861328,0,0,0
2470,221.94970703125,0,0,0
2471,220.3509979248047,0,0,0
2472,219.91000366210935,0,0,0
2473,218.5399932861328,0,0,0
2474,217.27999877929688,0,0,0
2475,216.34750366210935,0,0,0
2476,215.72000122070312,0,0,0
2477,214.2899932861328,0,0,0
2478,216.8249969482422,0,0,0
2479,215.9199981689453,0,0,0
2480,215.46499633789065,0,0,0
2481,215.7599029541016,0,0,0
2482,220.0500030517578,0,0,0
2483,219.6649932861328,0,0,0
2484,221.1499938964844,0,0,0
2485,222.0800018310547,0,0,0
2486,221.94000244140625,0,0,0
2487,222.6000061035156,0,0,0
2488,225.63999938964844,0,0,0
2489,227.82400512695312,0,0,0
2490,226.6300048828125,0,0,0
2491,226.59649658203125,0,0,0
2492,226.94949340820312,0,0,0
2493,227.6000061035156,0,0,0
2494,224.5800018310547,0,0,0
2495,227.0800018310547,0,0,0
2496,227.75999450683597,0,0,0
2497,228.5399932861328,0,0,0
2498,229.05999755859372,0,0,0
2499,227.5312957763672,0,0,0
2500,227.92999267578125,-1,0,0
2501,233.9550018310547,1,0,0
2502,236.22999572753903,0,0,0
2503,236.75010681152344,0,0,0
2504,237.9600067138672,0,0,0
2505,238.0,0,0,0
2506,237.3600006103516,0,0,0
2507,237.7949981689453,0,0,0
2508,238.3300018310547,0,0,0
2509,237.66000366210935,0,0,0
2510,238.1100006103516,0,0,0
2511,239.1999969482422,0,0,0
2512,239.94000244140625,0,0,0
2513,239.13999938964844,-1,0,0
2514,240.2899932861328,0,0,0
2515,257.4775085449219,1,0,0
2516,262.1000061035156,0,0,0
2517,258.1499938964844,0,0,0
2518,258.8299865722656,0,0,0
2519,256.4100036621094,0,0,0
2520,258.0299987792969,0,0,0
2521,259.82000732421875,0,0,0
2522,258.8599853515625,0,0,0
2523,258.0899963378906,0,0,0
2524,259.7040100097656,0,0,0
2525,260.9728088378906,0,0,0
2526,261.0299987792969,0,0,0
2527,260.04998779296875,-1,0,0
2528,258.1849975585937,0,0,0
2529,257.5199890136719,0,0,0
2530,255.0200042724609,0,0,0
2531,258.5599975585937,0,0,0
2532,259.6199951171875,0,0,0
2533,260.7055053710937,0,0,0
2534,258.92498779296875,0,0,0
2535,257.4700012207031,0,0,0
2536,265.20001220703125,0,0,0
2537,267.0127868652344,0,0,0
2538,261.6099853515625,0,0,0
2539,267.989990234375,0,0,0
2540,265.1499938964844,0,0,0
2541,266.5400085449219,0,0,0
2542,265.8699951171875,0,0,0
2543,268.489990234375,0,0,0
2544,271.8450012207031,1,0,0
2545,273.2300109863281,0,0,0
2546,271.5801086425781,0,0,0
2547,272.36669921875,0,0,0
2548,271.8500061035156,0,0,0
2549,272.7500915527344,0,0,0
2550,280.9800109863281,0,0,0
2551,277.44500732421875,0,0,0
2552,276.43438720703125,0,0,0
2553,276.29998779296875,0,0,0
2554,276.5799865722656,-1,0,0
2555,277.5,0,0,0
2556,276.0199890136719,0,0,0
2557,267.4599914550781,0,0,0
2558,261.8599853515625,0,0,0
2559,265.2200012207031,0,0,0
2560,268.6099853515625,0,0,0
2561,269.5599975585937,0,0,0
2562,270.79541015625,0,0,0
2563,271.0899963378906,0,0,0
2564,262.9200134277344,0,0,0
2565,267.385009765625,0,0,0
2566,267.8500061035156,0,0,0
2567,267.93359375,0,0,0
2568,271.8099975585937,0,0,0
2569,270.9549865722656,0,0,0
2570,270.8500061035156,0,0,0
2571,275.1199951171875,1,0,0
2572,279.2799987792969,0,0,0
2573,277.6700134277344,0,0,0
2574,278.07000732421875,0,0,0
2575,276.42498779296875,0,0,0
2576,275.7900085449219,0,0,0
2577,276.57000732421875,0,0,0
2578,271.8399963378906,0,0,0
2579,270.83990478515625,-1,0,0
2580,272.26470947265625,0,0,0
2581,276.9211120605469,0,0,0
2582,275.6282043457031,0,0,0
2583,269.7300109863281,0,0,0
2584,268.2799987792969,0,0,0
2585,250.2899932861328,0,0,1
2586,255.02999877929688,0,0,1
2587,249.97999572753903,0,0,1
2588,251.0500030517578,0,0,1
2589,250.47999572753903,0,0,1
2590,260.19000244140625,0,0,1
2591,256.6199951171875,0,0,1
2592,237.2899932861328,0,0,0
2593,242.59500122070312,0,0,0
2594,244.1000061035156,0,0,0
2595,239.875,0,0,0
2596,240.0800018310547,0,0,0
2597,237.7400054931641,0,0,0
2598,237.30999755859372,0,0,0
2599,240.7100067138672,0,0,0
2600,238.6815948486328,0,0,0
2601,232.16000366210935,0,0,0
2602,229.0782012939453,0,0,0
2603,233.19000244140625,0,0,0
2604,226.06500244140625,0,0,0
2605,226.77999877929688,0,0,0
2606,219.43089294433597,0,0,0
2607,226.69000244140625,0,0,0
2608,229.07000732421875,0,0,0
2609,227.3699951171875,1,0,0
2610,226.1750030517578,0,0,0
2611,227.85150146484372,0,0,0
2612,230.2700042724609,0,0,0
2613,236.9600067138672,0,0,0
2614,239.3800048828125,0,0,0
2615,239.1000061035156,0,0,0
2616,239.81500244140625,0,0,0
2617,240.5800018310547,0,0,0
2618,240.3300018310547,0,0,0
2619,241.0,0,0,0
2620,254.3600006103516,0,0,0
2621,255.47000122070312,0,0,0
2622,254.9398956298828,0,0,0
2623,255.0449981689453,0,0,0
2624,251.85960388183597,0,0,0
2625,252.8000030517578,0,0,0
2626,252.1499938964844,0,0,0
2627,237.6499938964844,0,0,0
2628,244.41000366210935,0,0,0
2629,238.8500061035156,-1,0,0
2630,237.89700317382807,0,0,0
2631,233.1499938964844,0,0,0
2632,234.1499938964844,0,0,0
2633,233.9600067138672,0,0,0
2634,222.3000030517578,0,0,0
2635,226.6999969482422,0,0,0
2636,224.66000366210935,0,0,0
2637,218.05999755859372,0,0,0
2638,215.89010620117188,0,0,0
2639,217.110107421875,0,0,0
2640,218.3999938964844,0,0,0
2641,200.7100982666016,0,0,0
2642,192.69439697265625,0,0,0
2643,206.8650054931641,0,0,0
2644,214.6300048828125,0,0,0
2645,212.32200622558597,0,0,0
2646,213.1000061035156,0,0,0
2647,216.4398956298828,1,0,0
2648,217.25689697265625,0,0,0
2649,213.82000732421875,0,0,0
2650,212.66000366210935,0,0,0
2651,209.17010498046875,0,0,0
2652,206.3600006103516,0,0,0
2653,201.50999450683597,0,0,0
2654,201.86880493164065,-1,0,0
2655,219.58009338378903,1,0,0
2656,223.02999877929688,0,0,0
2657,221.6804962158203,0,0,0
2658,223.4600067138672,0,0,0
2659,221.96499633789065,0,0,0
2660,225.02999877929688,0,0,0
2661,225.00999450683597,0,0,0
2662,227.0399932861328,0,0,0
2663,229.0330047607422,0,0,0
2664,225.72999572753903,0,0,0
2665,227.6199951171875,0,0,0
2666,227.8600006103516,0,0,0
2667,226.8999938964844,0,0,0
2668,226.8000030517578,0,0,0
2669,233.41000366210935,0,0,0
2670,237.2700042724609,0,0,0
2671,237.98719787597656,0,0,0
2672,238.5449981689453,0,0,0
2673,240.50999450683597,0,0,0
2674,243.4114990234375,0,0,0
2675,241.6699981689453,0,0,0
2676,233.6450042724609,0,0,0
2677,237.7100067138672,0,0,0
2678,240.05999755859372,0,0,0
2679,241.0800018310547,0,0,0
2680,239.77999877929688,0,0,0
2681,239.8500061035156,0,0,0
2682,242.1000061035156,0,0,0
2683,243.77999877929688,0,0,0
2684,245.6300048828125,0,0,0
2685,246.6000061035156,0,0,0
2686,249.2400054931641,0,0,0
2687,249.82000732421875,0,0,0
2688,249.08999633789065,0,0,0
2689,251.2100067138672,0,0,0
2690,250.7599029541016,0,0,0
2691,249.92999267578125,0,0,0
2692,245.17999267578125,-1,0,0
2693,246.389892578125,0,0,0
2694,242.08999633789065,0,0,0
2695,244.02999877929688,0,0,0
2696,243.3500061035156,0,0,0
2697,239.55999755859372,0,0,-1
2698,236.07000732421875,0,0,-1
2699,235.7100067138672,0,0,-1
2700,237.52999877929688,0,0,-1
2701,240.80499267578125,0,0,-1
2702,246.5,0,0,-1
2703,246.33999633789065,0,0,-1
2704,235.1999969482422,0,0,0
2705,234.94500732421875,0,0,0
2706,237.06320190429688,0,0,0
2707,234.19000244140625,0,0,0
2708,229.6300048828125,0,0,0
2709,223.9626007080078,0,0,0
2710,224.2700042724609,0,0,0
2711,224.13999938964844,0,0,0
2712,225.6999969482422,0,0,0
2713,226.2100067138672,0,0,0
2714,227.88999938964844,0,0,0
2715,225.53810119628903,0,0,0
2716,224.85769653320312,0,0,0
2717,224.83859252929688,0,0,0
2718,225.18670654296875,0,0,0
2719,228.25450134277344,0,0,0
2720,227.72000122070312,1,0,0
2721,226.9499969482422,0,0,0
2722,229.42999267578125,0,0,0
2723,226.66819763183597,0,0,0
2724,226.1199951171875,0,0,0
2725,225.8000030517578,0,0,0
2726,224.8813934326172,0,0,0
2727,222.9965057373047,0,0,0
2728,225.0200042724609,0,0,0
2729,225.32000732421875,0,0,0
2730,222.3500061035156,0,0,0
2731,223.0800018310547,0,0,0
2732,218.1999969482422,-1,0,0
2733,219.13999938964844,0,0,0
2734,216.7801055908203,0,0,0
2735,215.07000732421875,0,0,0
2736,216.3300018310547,0,0,0
2737,214.30999755859372,0,0,0
2738,213.51739501953125,0,0,0
2739,207.60330200195312,0,0,0
2740,204.97999572753903,0,0,0
2741,209.41000366210935,0,0,0
2742,207.1199951171875,0,0,0
2743,203.2899932861328,0,0,0
2744,208.1927947998047,0,0,0
2745,208.4700927734375,0,0,0
2746,216.1300048828125,1,0,0
2747,209.75999450683597,0,0,0
2748,212.07000732421875,0,0,0
2749,211.02999877929688,0,0,0
2750,205.9037933349609,0,0,0
2751,210.1100006103516,0,0,0
2752,213.5399932861328,0,0,0
2753,205.8614044189453,0,0,0
2754,203.9600067138672,0,0,0
2755,204.02999877929688,0,0,0
2756,207.27999877929688,0,0,0
2757,206.32000732421875,0,0,0
2758,207.531005859375,0,0,0
2759,207.1699981689453,0,0,0
2760,208.33999633789065,0,0,0
2761,211.4886932373047,0,0,0
2762,212.0500030517578,0,0,0
2763,212.2700042724609,0,0,0
2764,210.9499969482422,0,0,0
2765,213.02999877929688,0,0,0
2766,212.8000030517578,0,0,0
2767,228.73910522460935,0,0,0
2768,229.3699951171875,0,0,0
2769,229.0399932861328,0,0,0
2770,229.0399932861328,0,0,0
2771,228.7100067138672,0,0,0
2772,227.7749938964844,0,0,0
2773,227.0,0,0,0
2774,234.43800354003903,0,0,0
2775,231.19000244140625,0,0,0
2776,231.543701171875,0,0,0
2777,227.6199951171875,0,0,0
2778,229.88999938964844,0,0,0
2779,228.7100067138672,0,0,0
2780,229.50999450683597,0,0,0
2781,228.19509887695312,-1,0,0
2782,225.5200042724609,0,0,0
2783,225.2751007080078,0,0,0
2784,228.6475067138672,0,0,0
2785,229.16000366210935,0,0,0
2786,229.88499450683597,0,0,0
2787,229.8600006103516,0,0,0
2788,230.74989318847656,0,0,0
2789,234.33999633789065,0,0,0
2790,235.6199951171875,1,0,0
2791,234.66510009765625,0,0,0
2792,236.6851959228516,0,0,0
2793,237.25999450683597,0,0,0
2794,236.5800018310547,0,0,0
2795,248.8500061035156,0,0,0
2796,247.13699340820312,0,0,0
2797,246.3800048828125,0,0,0
2798,246.50999450683597,0,0,0
2799,248.9250030517578,0,0,0
2800,246.1100006103516,0,0,0
2801,245.0800018310547,0,0,0
2802,251.7050018310547,0,0,1
2803,254.2617950439453,0,0,1
2804,254.9600067138672,0,0,1
2805,256.1600036621094,0,0,1
2806,257.4049987792969,0,0,1
2807,257.8299865722656,0,0,1
2808,258.32000732421875,0,0,1
2809,263.239990234375,0,0,0
2810,262.4599914550781,0,0,0
2811,263.42999267578125,0,0,0
2812,263.8699951171875,0,0,0
2813,263.4100036621094,0,0,0
2814,262.0899963378906,0,0,0
2815,261.6499938964844,-1,0,0
2816,261.239990234375,0,0,0
2817,262.1482849121094,0,0,0
2818,263.38299560546875,0,0,0
2819,264.8854064941406,0,0,0
2820,264.2250061035156,0,0,0
2821,264.8699035644531,0,0,0
2822,265.20001220703125,0,0,0
2823,271.8399963378906,0,0,0
2824,269.9800109863281,0,0,0
2825,269.5906066894531,0,0,0
2826,272.260009765625,0,0,0
2827,273.3843994140625,0,0,0
2828,274.5015869140625,1,0,0
2829,273.1181945800781,-1,0,0
2830,263.1000061035156,0,0,0
2831,262.9200134277344,0,0,0
2832,264.20001220703125,0,0,0
2833,264.1300048828125,0,0,0
2834,261.3599853515625,0,0,0
2835,259.94000244140625,0,0,0
2836,258.3399963378906,0,0,0
2837,265.159912109375,0,0,0
2838,262.7799987792969,0,0,0
2839,264.8929138183594,0,0,0
2840,264.32000732421875,0,0,0
2841,263.3299865722656,0,0,0
2842,261.0107116699219,0,0,0
2843,263.1449890136719,0,0,0
2844,257.8699951171875,0,0,0
2845,257.489990234375,0,0,0
2846,258.0,0,0,0
2847,256.69000244140625,0,0,0
2848,255.0,0,0,0
2849,256.5400085449219,0,0,0
2850,256.1099853515625,0,0,0
2851,246.13499450683597,0,0,0
2852,245.7949981689453,0,0,0
2853,244.2299041748047,0,0,0
2854,244.7667999267578,0,0,0
2855,245.61990356445312,0,0,0
2856,246.0500030517578,0,0,0
2857,245.3300018310547,0,0,0
2858,251.389892578125,0,0,0
2859,244.5,0,0,0
2860,249.00750732421875,0,0,0
2861,245.44679260253903,0,0,0
2862,245.0399932861328,0,0,0
2863,245.91000366210935,1,0,0
2864,245.5749969482422,0,0,0
2865,249.34500122070312,0,0,0
2866,249.53500366210935,0,0,0
2867,250.5973052978516,0,0,0
2868,248.1750030517578,0,0,0
2869,245.7400054931641,0,0,0
2870,244.22999572753903,0,0,0
2871,245.4199981689453,0,0,0
2872,247.5449981689453,0,0,0
2873,246.65499877929688,0,0,0
2874,254.15499877929688,0,0,0
2875,251.72000122070312,0,0,0
2876,247.52999877929688,0,0,0
2877,244.13999938964844,0,0,0
2878,245.1199951171875,0,0,0
2879,244.6779937744141,0,0,0
2880,243.47000122070312,-1,0,0
2881,243.5265045166016,0,0,0
2882,244.375,0,0,0
2883,246.55999755859372,1,0,0
2884,246.3000030517578,0,0,0
2885,246.3999938964844,0,0,0
2886,248.72999572753903,0,0,0
2887,248.7899932861328,0,0,0
2888,248.7050018310547,0,0,0
2889,248.5850067138672,0,0,0
2890,250.3999938964844,0,0,0
2891,255.0800018310547,0,0,0
2892,255.7100067138672,0,0,0
2893,256.5,0,0,0
2894,256.739990234375,0,0,0
2895,256.0299987792969,0,0,0
2896,255.69000244140625,0,0,0
2897,254.47869873046875,0,0,0
2898,254.32989501953125,0,0,0
2899,253.91000366210935,0,0,0
2900,256.0899963378906,0,0,0
2901,255.3800048828125,0,0,0
2902,257.5400085449219,0,0,0
2903,255.6000061035156,0,0,0
2904,254.2899932861328,0,0,0
2905,255.3300018310547,-1,0,0
2906,254.22000122070312,0,0,0
2907,254.610107421875,0,0,0
2908,252.34500122070312,0,0,0
2909,247.61900329589844,0,0,0
2910,247.3000030517578,0,0,0
2911,246.54269409179688,0,0,0
2912,246.67999267578125,0,0,0
2913,247.75999450683597,0,0,0
2914,249.50999450683597,0,0,0
2915,245.8000946044922,0,0,0
2916,247.3800048828125,0,0,0
2917,247.13999938964844,0,0,0
2918,246.1000061035156,0,0,0
2919,244.9600067138672,0,0,0
2920,245.0,0,0,0
2921,246.5,0,0,0
2922,242.77560424804688,0,0,0
2923,243.52999877929688,0,0,0
2924,242.3300018310547,0,0,0
2925,244.42999267578125,0,0,0
2926,244.44000244140625,0,0,0
2927,243.55999755859372,0,0,0
2928,236.7899932861328,0,0,0
2929,232.5200042724609,0,0,0
2930,230.1199951171875,0,0,0
2931,231.6450042724609,0,0,0
2932,230.8800048828125,0,0,0
2933,230.5998992919922,0,0,0
2934,231.17999267578125,0,0,0
2935,235.1199951171875,0,0,0
2936,236.44000244140625,0,0,0
2937,237.16000366210935,1,0,0
2938,235.21060180664065,0,0,0
2939,235.2700042724609,0,0,0
2940,230.8000030517578,0,0,0
2941,231.75999450683597,0,0,0
2942,222.75,-1,0,0
2943,224.9499969482422,0,0,0
2944,225.91819763183597,0,0,0
2945,223.3350067138672,0,0,0
2946,218.92999267578125,0,0,0
2947,221.6463928222656,0,0,0
2948,224.23519897460935,0,0,0
2949,237.5,1,0,-1
2950,238.3800048828125,0,0,-1
2951,237.80999755859372,0,0,-1
2952,234.0749969482422,0,0,-1
2953,232.44119262695312,0,0,-1
2954,234.83999633789065,0,0,-1
2955,233.0500030517578,0,0,-1
2956,221.57000732421875,0,0,0
2957,218.8300018310547,-1,0,0
2958,218.2100067138672,0,0,0
2959,218.94000244140625,0,0,0
2960,216.47000122070312,0,0,0
2961,217.4550018310547,0,0,0
2962,216.42999267578125,0,0,0
2963,209.9683990478516,0,0,0
2964,218.32000732421875,0,0,0
2965,220.32000732421875,0,0,0
2966,221.00999450683597,0,0,0
2967,221.2400054931641,1,0,0
2968,220.1499938964844,0,0,0
2969,220.6499938964844,0,0,0
2970,213.75999450683597,0,0,0
2971,209.25999450683597,-1,0,0
2972,208.75,0,0,0
2973,209.2899932861328,0,0,0
2974,208.2899932861328,0,0,0
2975,206.41000366210935,0,0,0
2976,206.5500030517578,0,0,0
2977,207.72000122070312,0,0,0
2978,201.97000122070312,0,0,0
2979,199.9600067138672,0,0,0
2980,193.83999633789065,0,0,0
2981,197.00999450683597,0,0,0
2982,196.8300018310547,0,0,0
2983,197.2400054931641,0,0,0
2984,205.8401031494141,0,0,0
2985,206.13119506835935,1,0,0
2986,206.8231964111328,0,0,0
2987,207.0399932861328,0,0,0
2988,207.2350006103516,0,0,0
2989,207.26010131835935,0,0,0
2990,207.55999755859372,0,0,0
2991,200.1000061035156,0,0,0
2992,198.80999755859372,0,0,0
2993,197.08999633789065,0,0,0
2994,196.4149932861328,0,0,0
2995,198.0850067138672,0,0,0
2996,199.40989685058597,0,0,0
2997,203.02999877929688,0,0,0
2998,209.16000366210935,0,0,0
2999,206.851806640625,0,0,0
3000,207.3300018310547,0,0,0
3001,207.05999755859372,0,0,0
3002,205.2700042724609,0,0,0
3003,204.63299560546875,0,0,0
3004,203.1499938964844,0,0,0
3005,196.5200042724609,0,0,0
3006,197.4499969482422,-1,0,0
3007,199.1000061035156,0,0,0
3008,199.91000366210935,0,0,0
3009,199.9759979248047,0,0,0
3010,199.07000732421875,0,0,0
3011,200.1499938964844,0,0,0
3012,204.69500732421875,1,0,0
3013,205.35400390625,0,0,0
3014,204.0200042724609,0,0,0
3015,204.2700042724609,0,0,0
3016,204.01010131835935,0,0,0
3017,205.8500061035156,0,0,0
3018,204.8999938964844,0,0,0
3019,204.1150054931641,0,0,0
3020,201.42999267578125,0,0,0
3021,200.93499755859372,0,0,0
3022,201.906005859375,0,0,0
3023,200.6699981689453,-1,0,0
3024,200.531005859375,0,0,0
3025,200.0249938964844,0,0,0
3026,203.1499938964844,0,0,0
3027,202.7301025390625,1,0,0
3028,203.1300048828125,0,0,0
3029,205.7993011474609,0,0,0
3030,205.7100067138672,0,0,0
3031,211.4199981689453,0,0,0
3032,210.8699951171875,0,0,0
3033,217.22000122070312,0,0,0
3034,216.82000732421875,0,0,0
3035,216.97000122070312,0,0,0
3036,218.44000244140625,0,0,0
3037,217.3800048828125,0,0,0
3038,216.4199981689453,0,0,0
3039,216.0399932861328,0,0,0
3040,220.97239685058597,0,0,0
3041,221.5,0,0,0
3042,221.22000122070312,0,0,0
3043,221.38999938964844,0,0,0
3044,222.3000030517578,0,0,0
3045,222.8000030517578,0,0,0
3046,222.07000732421875,0,0,0
3047,221.4407958984375,0,0,0
3048,222.7100067138672,0,0,0
3049,221.7899932861328,-1,0,0
3050,222.25999450683597,0,0,0
3051,222.77999877929688,0,0,0
3052,221.97999572753903,0,0,0
3053,220.8600006103516,0,0,0
3054,223.3350067138672,0,0,0
3055,224.3600006103516,0,0,0
3056,224.0800018310547,0,0,0
3057,224.14630126953125,0,0,0
3058,224.53599548339844,0,0,0
3059,223.6199951171875,0,0,0
3060,222.4600067138672,0,0,0
3061,220.8800048828125,0,0,0
3062,221.6000061035156,0,0,0
3063,223.4199981689453,0,0,0
3064,223.6000061035156,0,0,0
3065,223.30999755859372,0,0,0
3066,222.38999938964844,0,0,0
3067,221.91000366210935,0,0,0
3068,221.7100067138672,0,0,0
3069,222.7899932861328,0,0,0
3070,222.02999877929688,0,0,0
3071,221.0399932861328,0,0,0
3072,219.6199951171875,0,0,0
3073,220.1999969482422,0,0,0
3074,220.4750061035156,0,0,0
3075,216.8800048828125,0,0,0
3076,215.33999633789065,0,0,0
3077,214.6199951171875,0,0,0
3078,214.2100067138672,0,0,0
3079,212.63999938964844,0,0,0
3080,212.3600006103516,0,0,0
3081,211.47000122070312,0,0,0
3082,212.6750030517578,0,0,0
3083,212.59820556640625,0,0,0
3084,215.0695953369141,0,0,0
3085,214.25999450683597,0,0,0
3086,213.7400054931641,0,0,0
3087,213.53379821777344,0,0,0
3088,213.75999450683597,0,0,0
3089,214.2700042724609,1,0,0
3090,215.5200042724609,0,0,0
3091,215.1100006103516,0,0,0
3092,214.05409240722656,0,0,0
3093,214.8800048828125,0,0,0
3094,216.7749938964844,0,0,0
3095,216.8999938964844,0,0,0
3096,217.09500122070312,0,0,0
3097,212.6300048828125,0,0,0
3098,213.94580078125,0,0,0
3099,213.6300048828125,0,0,0
3100,214.50999450683597,0,0,0
3101,214.82000732421875,0,0,0
3102,214.15350341796875,0,0,0
3103,213.97000122070312,0,0,0
3104,213.38999938964844,0,0,0
3105,213.33999633789065,0,0,0
3106,213.27999877929688,-1,0,0
3107,212.35450744628903,0,0,0
3108,210.41000366210935,0,0,0
3109,210.2100067138672,0,0,0
3110,215.2079925537109,0,0,0
3111,213.9199981689453,1,0,0
3112,213.6199951171875,0,0,0
3113,215.0800018310547,0,0,0
3114,216.7700042724609,0,0,0
3115,216.9600067138672,0,0,0
3116,217.1199951171875,0,0,0
3117,222.3249053955078,0,0,0
3118,221.32000732421875,0,0,0
3119,220.41000366210935,0,0,0
3120,219.91000366210935,0,0,0
3121,219.7317047119141,0,0,0
3122,219.2400054931641,0,0,0
3123,219.33999633789065,0,0,0
3124,228.8699951171875,0,0,1
3125,228.4141998291016,0,0,1
3126,229.6300048828125,0,0,1
3127,229.91000366210935,0,0,1
3128,229.8999938964844,0,0,1
3129,230.9178924560547,0,0,1
3130,230.9499969482422,0,0,1
3131,228.67999267578125,0,0,0
3132,227.3892974853516,0,0,0
3133,228.1000061035156,0,0,0
3134,227.3500061035156,-1,0,0
3135,228.1699981689453,0,0,0
3136,227.77999877929688,0,0,0
3137,227.72000122070312,0,0,0
3138,227.13999938964844,0,0,0
3139,226.5200042724609,0,0,0
3140,223.8800048828125,0,0,0
3141,224.9949951171875,0,0,0
3142,223.4900054931641,0,0,0
3143,224.3999938964844,0,0,0
3144,225.1499938964844,0,0,0
3145,231.2501983642578,0,0,0
3146,235.28030395507807,1,0,0
3147,232.3300018310547,0,0,0
3148,236.19000244140625,0,0,0
3149,237.4199981689453,0,0,0
3150,236.4911956787109,0,0,0
3151,236.25,0,0,0
3152,236.27999877929688,0,0,0
3153,234.01739501953125,0,0,0
3154,238.2700042724609,0,0,0
3155,238.4900054931641,0,0,0
3156,238.16000366210935,0,0,0
3157,237.3500061035156,0,0,0
3158,237.1699981689453,0,0,0
3159,230.5,-1,0,0
3160,233.33999633789065,0,0,0
3161,234.3300018310547,0,0,0
3162,234.5500030517578,0,0,0
3163,234.24220275878903,0,0,0
3164,233.6750030517578,0,0,0
3165,233.91000366210935,0,0,0
3166,232.5800018310547,0,0,0
3167,233.88890075683597,0,0,0
3168,234.27999877929688,0,0,0
3169,233.44000244140625,0,0,0
3170,233.91000366210935,0,0,0
3171,236.0,0,0,0
3172,235.97999572753903,0,0,0
3173,241.4900054931641,1,0,0
3174,239.5249938964844,0,0,0
3175,240.22000122070312,0,0,0
3176,240.23800659179688,0,0,0
3177,238.61019897460935,0,0,0
3178,239.2700042724609,0,0,0
3179,238.69000244140625,0,0,0
3180,245.1999969482422,0,0,0
3181,246.50999450683597,0,0,0
3182,248.32000732421875,0,0,0
3183,245.02999877929688,0,0,0
3184,244.94900512695312,0,0,0
3185,243.6499938964844,0,0,0
3186,244.27999877929688,0,0,0
3187,240.6300048828125,-1,0,0
3188,240.1074981689453,0,0,0
3189,237.66000366210935,0,0,0
3190,238.6743011474609,0,0,0
3191,237.6100006103516,0,0,0
3192,238.72999572753903,0,0,0
3193,240.2400054931641,0,0,0
3194,243.7303924560547,0,0,0
3195,244.6999969482422,0,0,0
3196,246.4900054931641,1,0,0
3197,245.44000244140625,0,0,0
3198,246.9199981689453,0,0,0
3199,246.84500122070312,0,0,0
3200,246.6000061035156,0,0,0
3201,248.5399932861328,0,0,0
3202,247.0449981689453,0,0,0
3203,248.69500732421875,0,0,0
3204,249.4600067138672,0,0,0
3205,248.9398956298828,0,0,0
3206,248.28570556640625,0,0,0
3207,248.8800048828125,0,0,0
3208,245.94000244140625,-1,0,0
3209,245.2700042724609,0,0,0
3210,243.9900054931641,0,0,0
3211,244.33999633789065,0,0,0
3212,244.0800018310547,0,0,0
3213,244.07000732421875,0,0,0
3214,243.72999572753903,0,0,0
3215,242.2899932861328,0,0,0
3216,238.9718017578125,0,0,0
3217,241.07000732421875,0,0,0
3218,241.2550048828125,0,0,0
3219,241.63499450683597,0,0,0
3220,241.8199005126953,0,0,0
3221,241.9600067138672,0,0,0
3222,241.0200042724609,0,0,0
3223,239.92999267578125,0,0,0
3224,239.7250061035156,0,0,0
3225,240.2400054931641,0,0,0
3226,240.9122009277344,0,0,0
3227,240.97999572753903,0,0,0
3228,241.1000061035156,0,0,0
3229,248.19000244140625,1,0,0
3230,245.9600067138672,0,0,0
3231,244.1450042724609,0,0,0
3232,245.0800018310547,0,0,0
3233,245.51040649414065,0,0,0
3234,246.4900054931641,0,0,0
3235,246.7899932861328,0,0,0
3236,248.6000061035156,0,0,0
3237,247.22579956054688,0,0,0
3238,247.1000061035156,0,0,0
3239,245.8300018310547,0,0,0
3240,246.4850006103516,0,0,0
3241,245.69000244140625,0,0,0
3242,244.63999938964844,-1,0,0
3243,235.33999633789065,0,0,0
3244,233.2899932861328,0,0,0
3245,235.55999755859372,0,0,0
3246,237.1199951171875,0,0,0
3247,236.86019897460935,0,0,0
3248,236.3699951171875,0,0,0
3249,235.83999633789065,0,0,0
3250,237.875,0,0,0
3251,240.1499938964844,0,0,0
3252,240.5500030517578,0,0,0
3253,240.8800048828125,1,0,0
3254,241.91000366210935,0,0,0
3255,240.67999267578125,0,0,0
3256,241.8999938964844,0,0,0
3257,243.3500061035156,0,0,0
3258,243.1999969482422,0,0,0
3259,243.1499938964844,0,0,0
3260,243.0500030517578,0,0,0
3261,242.97000122070312,0,0,0
3262,243.4010009765625,0,0,0
3263,243.27999877929688,0,0,0
3264,244.2700042724609,0,0,0
3265,244.7100067138672,0,0,0
3266,244.8374938964844,0,0,0
3267,242.72999572753903,0,0,0
3268,242.3500061035156,0,0,0
3269,241.46499633789065,-1,0,0
3270,241.42999267578125,0,0,0
3271,244.05239868164065,0,0,0
3272,241.38999938964844,0,0,0
3273,241.75,0,0,0
3274,239.96499633789065,0,0,0
3275,240.1407928466797,0,0,0
3276,238.8497009277344,0,0,0
3277,238.97000122070312,0,0,0
3278,239.2400054931641,0,0,0
3279,239.3500061035156,0,0,0
3280,235.58999633789065,0,0,0
3281,235.3600006103516,0,0,0
3282,234.4499969482422,0,0,0
3283,235.3699951171875,0,0,0
3284,235.16000366210935,0,0,0
3285,235.2400054931641,0,0,0
3286,236.7400054931641,0,0,0
3287,239.3300018310547,0,0,0
3288,238.49400329589844,1,0,0
3289,237.6909942626953,0,0,0
3290,237.264892578125,0,0,0
3291,237.55999755859372,0,0,0
3292,228.5399932861328,-1,0,0
3293,231.9199981689453,0,0,0
3294,231.6100006103516,0,0,0
3295,230.59500122070312,0,0,0
3296,232.83450317382807,0,0,0
3297,232.0,0,0,0
3298,233.69000244140625,0,0,0
3299,236.32000732421875,1,0,0
3300,242.1000061035156,0,0,0
3301,241.9544982910156,0,0,0
3302,244.2050018310547,0,0,0
3303,246.2899932861328,0,0,0
3304,246.75,0,0,0
3305,246.5399932861328,0,0,0
3306,252.5,0,0,0
3307,252.33999633789065,0,0,0
3308,253.4499969482422,0,0,0
3309,256.31298828125,0,0,0
3310,258.3500061035156,0,0,0
3311,256.864990234375,0,0,0
3312,257.25,0,0,0
3313,261.4700012207031,0,0,0
3314,259.3299865722656,0,0,0
3315,259.5599975585937,0,0,0
3316,260.5299987792969,0,0,0
3317,260.9700012207031,0,0,0
3318,260.25,0,0,0
3319,260.6000061035156,0,0,0
3320,265.1700134277344,0,0,0
3321,264.2900085449219,0,0,0
3322,263.6000061035156,0,0,0
3323,263.1000061035156,-1,0,0
3324,263.8299865722656,0,0,0
3325,263.8399963378906,0,0,0
3326,264.07000732421875,0,0,0
3327,263.79998779296875,0,0,0
3328,261.90008544921875,0,0,0
3329,262.4599914550781,0,0,0
3330,262.6000061035156,0,0,0
3331,261.5639953613281,0,0,0
3332,262.54998779296875,0,0,0
3333,262.04998779296875,0,0,0
3334,253.86720275878903,0,0,0
3335,246.5540008544922,0,0,0
3336,248.9900054931641,0,0,0
3337,247.6300048828125,0,0,0
3338,250.6100006103516,0,0,0
3339,252.2700042724609,0,0,0
3340,251.72999572753903,0,0,0
3341,256.29998779296875,0,0,0
3342,258.4150085449219,0,0,0
3343,258.95001220703125,0,0,0
3344,257.0400085449219,0,0,0
3345,258.4800109863281,1,0,0
3346,259.7099914550781,0,0,0
3347,258.4700012207031,0,0,0
3348,259.70001220703125,0,0,0
3349,260.1900939941406,0,0,0
3350,260.2200012207031,0,0,0
3351,257.864990234375,0,0,0
3352,255.4700927734375,0,0,0
3353,254.93499755859372,-1,0,0
3354,255.2700042724609,0,0,0
3355,251.60499572753903,0,0,0
3356,248.32000732421875,0,0,0
3357,247.17999267578125,0,0,0
3358,247.5984039306641,0,0,0
3359,245.7700042724609,0,0,0
3360,245.9199981689453,0,0,0
3361,247.25,0,0,0
3362,269.95001220703125,1,0,0
3363,275.239990234375,0,0,0
3364,275.19000244140625,0,0,0
3365,276.32000732421875,0,0,0
3366,279.6247863769531,0,0,0
3367,273.1388854980469,0,0,0
3368,272.3999938964844,0,0,0
3369,266.0799865722656,0,0,0
3370,263.3099975585937,0,0,0
3371,271.67999267578125,0,0,0
3372,268.8900146484375,0,0,0
3373,266.9849853515625,0,0,0
3374,269.6798095703125,0,0,0
3375,269.3999938964844,-1,0,0
3376,263.5899963378906,0,0,0
3377,265.6600036621094,0,0,0
3378,265.4100036621094,0,0,0
3379,266.4849853515625,0,0,0
3380,265.9200134277344,0,0,0
3381,265.5,0,0,0
3382,266.45001220703125,0,0,0
3383,278.2344970703125,1,0,0
3384,287.25,0,0,0
3385,287.32000732421875,0,0,0
3386,283.7300109863281,0,0,0
3387,283.8900146484375,0,0,0
3388,282.4599914550781,0,0,0
3389,281.79998779296875,0,0,0
3390,279.1000061035156,0,0,0
3391,277.2200012207031,0,0,0
3392,278.6400146484375,-1,0,0
3393,276.6119079589844,0,0,0
3394,276.2349853515625,0,0,0
3395,276.0409851074219,0,0,0
3396,275.06500244140625,0,0,0
3397,281.2298889160156,0,0,0
3398,280.7699890136719,0,0,0
3399,282.9848022460937,0,0,0
3400,284.364990234375,0,0,0
3401,282.67999267578125,0,0,0
3402,280.5799865722656,0,0,0
3403,279.7099914550781,0,0,0
3404,278.1571960449219,0,0,0
3405,277.5,0,0,0
3406,277.697998046875,0,0,0
3407,276.7699890136719,0,0,0
3408,275.375,0,0,0
3409,274.04998779296875,0,0,0
3410,272.92999267578125,0,0,0
