Date,Close,ao,ao_signal,ao_position
2016-01-20,9.489999771118164,-1.3422647223753081,-1,0
2016-01-21,10.020000457763672,-1.6959705689374154,0,0
2016-01-22,9.850000381469727,-1.8935880773207714,0,0
2016-01-25,9.8100004196167,-1.9749703715829288,0,0
2016-01-26,9.539999961853027,-1.9461762933170093,0,0
2016-01-27,9.050000190734863,-1.8977351132561164,0,0
2016-01-28,8.739999771118164,-1.9713527931886574,0,0
2016-01-29,8.770000457763672,-2.1102940391091742,0,0
2016-02-01,8.760000228881836,-2.2275587670943313,0,0
2016-02-02,8.470000267028809,-2.339999939413632,0,0
2016-02-03,8.430000305175781,-2.4004704980289233,0,0
2016-02-04,8.899999618530273,-2.336617556740256,0,0
2016-02-05,8.630000114440918,-2.228588179981008,0,0
2016-02-08,8.369999885559082,-2.169970599342795,0,0
2016-02-09,8.619999885559082,-2.081176553053016,0,0
2016-02-10,8.880000114440918,-1.9170589643366203,0,0
2016-02-11,8.619999885559082,-1.7941766065709732,0,0
2016-02-12,9.300000190734863,-1.651647161034976,0,0
2016-02-16,9.930000305175781,-1.3423235837151015,0,0
2016-02-17,9.84000015258789,-0.9810882231768439,0,0
2016-02-18,9.979999542236328,-0.6645294301650093,0,0
2016-02-19,9.970000267028809,-0.3376176890204938,0,0
2016-02-22,10.380000114440918,-0.013441195207482437,0,0
2016-02-23,9.710000038146973,0.14844112115747876,1,1
2016-02-24,9.890000343322754,0.19129405021667445,0,1
2016-02-25,10.260000228881836,0.2666470808141366,0,1
2016-02-26,10.319999694824219,0.36052945080925447,0,1
2016-02-29,10.4399995803833,0.4266764135921708,0,1
2016-03-01,10.720000267028809,0.5629410996156583,0,1
2016-03-02,11.970000267028809,0.8901764056261836,0,1
2016-03-03,12.25,1.2895293095532594,0,1
2016-03-04,12.010000228881836,1.6306175624623016,0,1
2016-03-07,12.260000228881836,1.934852970347686,0,1
2016-03-08,11.479999542236328,2.134029447331148,0,1
2016-03-09,12.029999732971191,2.1491175679599532,0,1
2016-03-10,11.300000190734863,2.0039410675273217,0,1
2016-03-11,11.100000381469727,1.7807352234335507,0,1
2016-03-14,11.609999656677246,1.579882251515107,0,1
2016-03-15,11.949999809265137,1.4999704697552865,0,1
2016-03-16,11.869999885559082,1.4540587537428902,0,1
2016-03-17,11.949999809265137,1.4143822641933674,0,1
2016-03-18,12.039999961853027,1.4780880731694843,0,1
2016-03-21,13.399999618530273,1.6347645142499143,0,1
2016-03-22,13.0600004196167,1.7890292840845436,0,1
2016-03-23,12.59000015258789,1.8433529012343453,0,1
2016-03-24,12.880000114440918,1.8886470710530006,0,1
2016-03-28,13.399999618530273,1.9889705966500664,0,1
2016-03-29,13.739999771118164,2.0098529394935163,0,1
2016-03-30,15.020000457763672,2.0667647165410656,0,1
2016-03-31,15.279999732971191,2.3435293814715212,0,1
2016-04-01,14.220000267028809,2.5700587665333465,0,1
2016-04-04,14.279999732971191,2.6364705590640796,0,1
2016-04-05,14.260000228881836,2.6395588594324444,0,1
2016-04-06,14.970000267028809,2.547441238515516,0,1
2016-04-07,14.8100004196167,2.348970685285682,0,1
2016-04-08,15.130000114440918,2.2460589633268455,0,1
2016-04-11,15.359999656677246,2.2959413023555992,0,1
2016-04-12,15.479999542236328,2.367853004792156,0,1
2016-04-13,15.010000228881836,2.3337058824651375,0,1
2016-04-14,14.819999694824219,2.196352874531465,0,1
2016-04-15,14.329999923706055,1.9913233757019047,0,1
2016-04-18,14.510000228881836,1.707499871534461,0,1
2016-04-19,14.09000015258789,1.3740882172304048,0,1
2016-04-20,13.630000114440918,1.0231176825130692,0,1
2016-04-21,13.239999771118164,0.6881470960729263,0,1
2016-04-22,13.34000015258789,0.3970294840195603,0,1
2016-04-25,13.59000015258789,0.16691185446346424,0,1
2016-04-26,14.180000305175781,0.02464714611277863,0,1
2016-04-27,14.6899995803833,0.060823569578284165,0,1
2016-04-28,15.350000381469727,0.27914710605845805,0,1
2016-04-29,14.890000343322754,0.5298530662761021,0,1
2016-05-02,14.0,0.6349707126617439,0,1
2016-05-03,13.449999809265137,0.5457647604100853,0,1
2016-05-04,13.390000343322754,0.2983530156752643,0,1
2016-05-05,13.050000190734863,-0.10017635121065105,-1,0
2016-05-06,10.220000267028809,-0.7865881527171421,0,0
2016-05-09,9.850000381469727,-1.5896175496718463,0,0
2016-05-10,10.0,-2.2524116151473095,0,0
2016-05-11,9.680000305175781,-2.8806174783145675,0,0
2016-05-12,9.279999732971191,-3.532882230422077,0,0
2016-05-13,9.359999656677246,-3.8835293910082633,0,0
2016-05-16,9.15999984741211,-3.9117648012497845,0,0
2016-05-17,9.180000305175781,-3.909529528898352,0,0
2016-05-18,9.399999618530273,-3.8471766219419585,0,0
2016-05-19,9.600000381469727,-3.688764861050773,0,0
2016-05-20,9.390000343322754,-3.513911797018613,0,0
2016-05-23,9.460000038146973,-3.338411715451409,0,0
2016-05-24,10.140000343322754,-3.070794043821447,0,0
2016-05-25,10.0,-2.7730292909285605,0,0
2016-05-26,9.75,-2.5481763418983014,0,0
2016-05-27,9.630000114440918,-2.3457940550411447,0,0
2016-05-31,9.529999732971191,-2.1430294121012974,0,0
2016-06-01,9.600000381469727,-2.0229706203236297,0,0
2016-06-02,9.649999618530273,-1.9563824204837577,0,0
2016-06-03,9.460000038146973,-1.8727353965534874,0,0
2016-06-06,9.510000228881836,-1.7685883241541251,0,0
2016-06-07,9.569999694824219,-1.636588309792911,0,0
2016-06-08,9.550000190734863,-1.5111177388359511,0,0
2016-06-09,9.34000015258789,-1.4297647700590232,0,0
2016-06-10,9.140000343322754,-1.3736470474916356,0,0
2016-06-13,8.920000076293945,-1.3342058574452125,0,0
2016-06-14,8.890000343322754,-1.3147352190578694,0,0
2016-06-15,9.0600004196167,-1.2711469089283653,0,0
2016-06-16,9.050000190734863,-1.1737057152916393,0,0
2016-06-17,9.039999961853027,-1.0340292706209073,0,0
2016-06-20,9.199999809265137,-0.8594116799971641,0,0
2016-06-21,9.350000381469727,-0.6545293555540184,0,0
2016-06-22,8.779999732971191,-0.5084411845487704,0,0
2016-06-23,9.130000114440918,-0.40300007427440043,0,0
2016-06-24,8.770000457763672,-0.34302944576038996,0,0
2016-06-27,8.619999885559082,-0.3886176193461708,0,0
2016-06-28,8.899999618530273,-0.457352969225715,0,0
2016-06-29,9.300000190734863,-0.42858828656813586,0,0
2016-06-30,9.050000190734863,-0.37561764997594516,0,0
2016-07-01,9.270000457763672,-0.32891177850611086,0,0
2016-07-05,8.9399995803833,-0.24235299334806548,0,0
2016-07-06,9.0,-0.19447062436272056,0,0
2016-07-07,9.079999923706055,-0.1991176717421581,0,0
2016-07-08,9.300000190734863,-0.18700005306917156,0,0
2016-07-11,9.239999771118164,-0.1583824634552009,0,0
2016-07-12,9.399999618530273,-0.11229427842532935,0,0
2016-07-13,9.289999961853027,-0.023911913703470233,0,0
2016-07-14,9.369999885559082,0.05585279184229286,1,1
2016-07-15,9.170000076293945,0.08964689479154586,0,1
2016-07-18,9.270000457763672,0.09347047525293739,0,1
2016-07-19,9.350000381469727,0.09941178209641421,0,1
2016-07-20,9.579999923706055,0.12635302824132566,0,1
2016-07-21,9.460000038146973,0.16744127554052035,0,1
2016-07-22,9.729999542236328,0.23126476792728212,0,1
2016-07-25,9.850000381469727,0.3362941237056969,0,1
2016-07-26,10.100000381469727,0.45649998608757514,0,1
2016-07-27,10.130000114440918,0.570176466773539,0,1
2016-07-28,10.119999885559082,0.6711764756370986,0,1
2016-07-29,10.069999694824219,0.7460294302772077,0,1
2016-08-01,10.1899995803833,0.78167644108043,0,1
2016-08-02,10.050000190734863,0.7749410573173972,0,1
2016-08-03,10.4399995803833,0.7635880582472847,0,1
2016-08-04,11.319999694824219,0.8609115348142726,0,1
2016-08-05,11.149999618530273,1.024499755747179,0,1
2016-08-08,11.260000228881836,1.1781762824339026,0,1
2016-08-09,11.300000190734863,1.3512057556825532,0,1
2016-08-10,11.069999694824219,1.4768528293160834,0,1
2016-08-11,11.369999885559082,1.4782352167017319,0,1
2016-08-12,11.65999984741211,1.4587940945344826,0,1
2016-08-15,11.479999542236328,1.4472352392533256,0,1
2016-08-16,11.640000343322754,1.4208822390612426,0,1
2016-08-17,11.399999618530273,1.416705773858462,0,1
2016-08-18,11.75,1.4171175535987413,0,1
2016-08-19,11.800000190734863,1.3922058414010436,0,1
2016-08-22,11.819999694824219,1.3606470697066353,0,1
2016-08-23,12.390000343322754,1.3774411958806656,0,1
2016-08-24,12.15999984741211,1.433294156018425,0,1
2016-08-25,12.3100004196167,1.4757353950949277,0,1
2016-08-26,12.039999961853027,1.4702942315269905,0,1
2016-08-29,12.010000228881836,1.4337354267344757,0,1
2016-08-30,12.069999694824219,1.3414707043591676,0,1
2016-08-31,12.1899995803833,1.230117680044735,0,1
2016-09-01,12.0,1.1190293816959151,0,1
2016-09-02,12.050000190734863,1.006529367671293,0,1
2016-09-06,11.829999923706055,0.9121764295241412,0,1
2016-09-07,11.930000305175781,0.8091470493989839,0,1
2016-09-08,11.779999732971191,0.6854706539827244,0,1
2016-09-09,11.270000457763672,0.5147060001597694,0,1
2016-09-12,11.329999923706055,0.32529424779555427,0,1
2016-09-13,11.229999542236328,0.15491184907800992,0,1
2016-09-14,11.279999732971191,-0.0036176401026111193,-1,0
2016-09-15,11.380000114440918,-0.14405883340274706,0,0
2016-09-16,11.369999885559082,-0.21170591747059397,0,0
2016-09-19,11.550000190734863,-0.2188236068276801,0,0
2016-09-20,11.65999984741211,-0.1975000241223519,0,0
2016-09-21,11.899999618530273,-0.1376470593845145,0,0
2016-09-22,11.680000305175781,-0.07241176717421638,0,0
2016-09-23,11.829999923706055,-0.011705875396728516,0,0
2016-09-26,11.550000190734863,0.020029418608721983,1,1
2016-09-27,11.779999732971191,0.020705885045668282,0,1
2016-09-28,11.829999923706055,0.007470613367418721,0,1
2016-09-29,11.640000343322754,-0.01867642122156532,-1,0
2016-09-30,11.65999984741211,-0.04364702000337495,0,0
2016-10-03,11.670000076293945,-0.05144116457770842,0,0
2016-10-04,11.630000114440918,-0.05708820118623592,0,0
2016-10-05,11.6899995803833,-0.09020584050346869,0,0
2016-10-06,11.520000457763672,-0.11708822250366246,0,0
2016-10-07,11.479999542236328,-0.13900000347810604,0,0
2016-10-10,11.470000267028809,-0.1671470726237576,0,0
2016-10-11,11.180000305175781,-0.20920586585998535,0,0
2016-10-12,11.270000457763672,-0.265323414522058,0,0
2016-10-13,11.1899995803833,-0.3107645876267373,0,0
2016-10-14,11.119999885559082,-0.3497646275688613,0,0
2016-10-17,10.930000305175781,-0.4103528247160071,0,0
2016-10-18,11.34000015258789,-0.4217351969550638,0,0
2016-10-19,11.300000190734863,-0.37891172521254646,0,0
2016-10-20,11.1899995803833,-0.3509117547203502,0,0
2016-10-21,11.319999694824219,-0.30826470150667085,0,0
2016-10-24,11.350000381469727,-0.2284705947427188,0,0
2016-10-25,11.069999694824219,-0.19376474829281065,0,0
2016-10-26,11.210000038146973,-0.20873539307538103,0,0
2016-10-27,11.149999618530273,-0.21158833784215503,0,0
2016-10-28,11.140000343322754,-0.2290294394773582,0,0
2016-10-31,11.199999809265137,-0.2587941478280449,0,0
2016-11-01,11.069999694824219,-0.2702647966497089,0,0
2016-11-02,11.779999732971191,-0.21605893864351167,0,0
2016-11-03,11.989999771118164,-0.09005894660949743,0,0
2016-11-04,12.180000305175781,0.07955871189341934,1,1
2016-11-07,12.220000267028809,0.26805874600129975,0,1
2016-11-08,12.34000015258789,0.48235294117647065,0,1
2016-11-09,12.0,0.6201765397015748,0,1
2016-11-10,11.649999618530273,0.6061177365920116,0,1
2016-11-11,11.880000114440918,0.5399118255166435,0,1
2016-11-14,12.350000381469727,0.5096765153548297,0,1
2016-11-15,12.029999732971191,0.4803529486936675,0,1
2016-11-16,12.039999961853027,0.4445293819203098,0,1
2016-11-17,12.220000267028809,0.49141179533565627,0,1
2016-11-18,12.15999984741211,0.5609706542071162,0,1
2016-11-21,12.220000267028809,0.560088264240937,0,1
2016-11-22,12.460000038146973,0.5700882743386657,0,1
2016-11-23,12.430000305175781,0.6273824523476996,0,1
2016-11-25,12.75,0.6873236319598028,0,1
2016-11-28,12.529999732971191,0.7430588890524472,0,1
2016-11-29,12.460000038146973,0.7696471017949715,0,1
2016-11-30,12.9399995803833,0.7982646970187908,0,1
2016-12-01,12.710000038146973,0.827352866004496,0,1
2016-12-02,13.0600004196167,0.8354705137365013,0,1
2016-12-05,13.199999809265137,0.8715587980606987,0,1
2016-12-06,13.270000457763672,0.9577941445743328,0,1
2016-12-07,14.119999885559082,1.0869412758771126,0,1
2016-12-08,13.9399995803833,1.2460295004003186,0,1
2016-12-09,13.890000343322754,1.3737941433401666,0,1
2016-12-12,13.850000381469727,1.4472353598650756,0,1
2016-12-13,14.069999694824219,1.5113529878504135,0,1
2016-12-14,13.829999923706055,1.4797058582305915,0,1
2016-12-15,14.130000114440918,1.3873529686647306,0,1
2016-12-16,14.380000114440918,1.363882407020121,0,1
2016-12-19,14.359999656677246,1.3697646702037147,0,1
2016-12-20,14.479999542236328,1.365146939894732,0,1
2016-12-21,14.380000114440918,1.3727645874023438,0,1
2016-12-22,14.050000190734863,1.3512351905598354,0,1
2016-12-23,14.069999694824219,1.2541469237383662,0,1
2016-12-27,14.0,1.1331763407763304,0,1
2016-12-28,13.949999809265137,0.9943234696107766,0,1
2016-12-29,13.729999542236328,0.8272058038150565,0,1
2016-12-30,13.630000114440918,0.6656469148748059,0,1
2017-01-03,13.8100004196167,0.5401469679439774,0,1
2017-01-04,14.25,0.48282351213343055,0,1
2017-01-05,14.5600004196167,0.5036765098571774,0,1
2017-01-06,15.0,0.6109413118923417,0,1
2017-01-09,15.0600004196167,0.7956472677343029,0,1
2017-01-10,14.90999984741211,0.966441356434542,0,1
2017-01-11,14.899999618530273,1.0615883294273818,0,1
2017-01-12,14.739999771118164,1.0716470634236046,0,1
2017-01-13,14.75,0.996999948164996,0,1
2017-01-17,14.6899995803833,0.872352816076841,0,1
2017-01-18,14.640000343322754,0.7487939554102283,0,1
2017-01-19,14.729999542236328,0.6403822309830609,0,1
2017-01-20,14.890000343322754,0.5763234531178192,0,1
2017-01-23,14.609999656677246,0.5207058233373303,0,1
2017-01-24,14.65999984741211,0.4522352414972648,0,1
2017-01-25,14.600000381469727,0.40111762495601866,0,1
2017-01-26,14.40999984741211,0.32776471867280854,0,1
2017-01-27,14.529999732971191,0.2369705817278689,0,1
2017-01-30,14.449999809265137,0.1714411230648274,0,1
2017-01-31,14.619999885559082,0.1332058513865757,0,1
2017-02-01,14.359999656677246,0.08697050599490908,0,1
2017-02-02,14.359999656677246,0.04620571977952004,0,1
2017-02-03,14.279999732971191,0.005323351130765985,0,1
2017-02-06,14.399999618530273,-0.03526489313910908,-1,0
2017-02-07,14.399999618530273,-0.06652963021222291,0,0
2017-02-08,14.470000267028809,-0.07944136226878484,0,0
2017-02-09,14.729999542236328,-0.036735439300537465,0,0
2017-02-10,14.609999656677246,0.026205724828383126,1,1
2017-02-13,14.5,0.05920576488270335,0,1
2017-02-14,14.329999923706055,0.05176465651568307,0,1
2017-02-15,14.3100004196167,0.02038233981413029,0,1
2017-02-16,13.890000343322754,-0.08329404943129504,-1,0
2017-02-17,14.470000267028809,-0.19129392679999846,0,0
2017-02-21,14.630000114440918,-0.2178821002735809,0,0
2017-02-22,15.039999961853027,-0.16667619593003202,0,0
2017-02-23,17.149999618530273,0.12758844600004338,1,1
2017-02-24,17.43000030517578,0.6807354281930351,0,1
2017-02-27,17.93000030517578,1.2954413077410507,0,1
2017-02-28,17.31999969482422,1.8341177463531508,0,1
2017-03-01,17.219999313354492,2.2539117757011855,0,1
2017-03-02,16.989999771118164,2.3912058493670294,0,1
2017-03-03,16.889999389648438,2.2588528352625215,0,1
2017-03-06,16.860000610351562,2.0352057120379285,0,1
2017-03-07,16.760000228881836,1.8107351892134727,0,1
2017-03-08,16.829999923706055,1.6530882414649515,0,1
2017-03-09,17.06999969482422,1.5554706517387817,0,1
2017-03-10,16.90999984741211,1.5013530478757957,0,1
2017-03-13,16.93000030517578,1.4465295314788804,0,1
2017-03-14,16.770000457763672,1.3893824465134568,0,1
2017-03-15,16.950000762939453,1.3367943034452558,0,1
2017-03-16,17.209999084472656,1.2870590378256423,0,1
2017-03-17,17.280000686645508,1.2564414108500763,0,1
2017-03-20,17.239999771118164,1.2429708396687218,0,1
2017-03-21,16.510000228881836,1.1791472294751344,0,1
2017-03-22,16.40999984741211,1.0412059307098396,0,1
2017-03-23,16.610000610351562,0.8639706807978023,0,1
2017-03-24,16.59000015258789,0.667911936255063,0,1
2017-03-27,17.25,0.5240295410156257,0,1
2017-03-28,17.229999542236328,0.5135000789866737,0,1
2017-03-29,17.219999313354492,0.5844411485335428,0,1
2017-03-30,17.31999969482422,0.6579116035910211,0,1
2017-03-31,17.280000686645508,0.7205586068770486,0,1
2017-04-03,17.030000686645508,0.6910881154677462,0,1
2017-04-04,17.040000915527344,0.5730294732486527,0,1
2017-04-05,16.75,0.43129437670988224,0,1
2017-04-06,17.0,0.2706768400528823,0,1
2017-04-07,16.690000534057617,0.10129450349246838,0,1
2017-04-10,16.989999771118164,-0.029058543373555068,-1,0
2017-04-11,16.920000076293945,-0.1074116566601937,0,0
2017-04-12,17.299999237060547,-0.09426475412705315,0,0
2017-04-13,16.920000076293945,-0.04197069616878579,0,0
2017-04-17,17.079999923706055,0.0090292594012098,1,1
2017-04-18,16.979999542236328,0.06452918333165769,0,1
2017-04-19,17.200000762939453,0.09682332768159796,0,1
2017-04-20,17.709999084472656,0.1555292522206031,0,1
2017-04-21,17.489999771118164,0.23411744622623232,0,1
2017-04-24,17.850000381469727,0.344735106299904,0,1
2017-04-25,18.219999313354492,0.509705734252929,0,1
2017-04-26,18.079999923706055,0.681852699728573,0,1
2017-04-27,18.229999542236328,0.7864114873549539,0,1
2017-04-28,18.239999771118164,0.8767938894384031,0,1
2017-05-01,18.610000610351562,0.9835292030783265,0,1
2017-05-02,18.809999465942383,1.0638233689700876,0,1
2017-05-03,18.280000686645508,1.0932646527009844,0,1
2017-05-04,19.899999618530273,1.2211470828336815,0,1
2017-05-05,19.780000686645508,1.4658236447502588,0,1
2017-05-08,19.559999465942383,1.6439412734087782,0,1
2017-05-09,19.799999237060547,1.7554411551531608,0,1
2017-05-10,19.950000762939453,1.9209999645457536,0,1
2017-05-11,19.709999084472656,1.9713528689216169,0,1
2017-05-12,20.079999923706055,1.8854410003213324,0,1
2017-05-15,20.25,1.8889998043284706,0,1
2017-05-16,20.34000015258789,1.922146999134739,0,1
2017-05-17,19.559999465942383,1.856999890944536,0,1
2017-05-18,19.68000030517578,1.7458822250366204,0,1
2017-05-19,19.90999984741211,1.652499989902271,0,1
2017-05-22,20.950000762939453,1.6091765403747544,0,1
2017-05-23,21.639999389648438,1.6838824440451248,0,1
2017-05-24,21.920000076293945,1.9062059795155228,0,1
2017-05-25,22.329999923706055,2.2527942376978274,0,1
2017-05-26,22.329999923706055,2.598470687866211,0,1
2017-05-30,22.739999771118164,2.8519706052892317,0,1
2017-05-31,22.989999771118164,2.9921470193301936,0,1
2017-06-01,23.229999542236328,3.0816764158361067,0,1
2017-06-02,23.200000762939453,3.120117608238669,0,1
2017-06-05,23.389999389648438,3.127970577688778,0,1
2017-06-06,24.209999084472656,3.181852823145249,0,1
2017-06-07,24.290000915527344,3.2482646381153764,0,1
2017-06-08,24.780000686645508,3.325029547074262,0,1
2017-06-09,23.030000686645508,3.2775884403901934,0,1
2017-06-12,23.600000381469727,3.115559106714585,0,1
2017-06-13,23.479999542236328,2.901647483601291,0,1
2017-06-14,23.469999313354492,2.5900297277114,0,1
2017-06-15,23.989999771118164,2.265058893315935,0,1
2017-06-16,23.559999465942383,2.076117504344264,0,1
2017-06-19,24.200000762939453,2.0286762461942764,0,1
2017-06-20,23.850000381469727,1.9693528231452468,0,1
2017-06-21,24.15999984741211,1.9147647240582657,0,1
2017-06-22,24.280000686645508,1.8618825127096734,0,1
2017-06-23,24.170000076293945,1.8229120703304496,0,1
2017-06-26,23.93000030517578,1.7280885528115668,0,1
2017-06-27,23.31999969482422,1.5320590075324567,0,1
2017-06-28,24.299999237060547,1.377323599422681,0,1
2017-06-29,23.399999618530273,1.18508815204396,0,1
2017-06-30,23.459999084472656,0.9221173623028918,0,1
2017-07-03,22.829999923706055,0.6534701796138975,0,1
2017-07-05,23.760000228881836,0.4992349007550416,0,1
2017-07-06,23.219999313354492,0.33111731585334425,0,1
2017-07-07,23.59000015258789,0.13079385196461502,0,1
2017-07-10,23.940000534057617,0.08102933659273148,0,1
2017-07-11,25.440000534057617,0.2647354182075041,0,1
2017-07-12,26.209999084472656,0.637500078537883,0,1
2017-07-13,25.979999542236328,1.0315882346209335,0,1
2017-07-14,26.329999923706055,1.4630588307100183,0,1
2017-07-17,26.190000534057617,1.8464705635519607,0,1
2017-07-18,26.59000015258789,2.0730881578781997,0,1
2017-07-19,26.360000610351562,2.096911783779369,0,1
2017-07-20,26.389999389648438,2.0568824992460364,0,1
2017-07-21,26.850000381469727,2.0497354787938704,0,1
2017-07-24,26.75,2.054647232504454,0,1
2017-07-25,26.889999389648438,2.0518235599293426,0,1
2017-07-26,27.309999465942383,2.0929998566122627,0,1
2017-07-27,25.920000076293945,2.0798233705408435,0,1
2017-07-28,26.200000762939453,1.904441132264978,0,1
2017-07-31,26.350000381469727,1.7123823839075456,0,1
2017-08-01,26.809999465942383,1.574970666099997,0,1
2017-08-02,26.459999084472656,1.3890294635997087,0,1
2017-08-03,25.219999313354492,1.1719705357271089,0,1
2017-08-04,25.209999084472656,0.9606173627516803,0,1
2017-08-07,25.68000030517578,0.7485877878525677,0,1
2017-08-08,26.020000457763672,0.548911414426918,0,1
2017-08-09,25.59000015258789,0.32997043834012985,0,1
2017-08-10,24.649999618530273,0.1594999986536365,0,1
2017-08-11,24.81999969482422,0.048500111523797074,0,1
2017-08-14,25.200000762939453,-0.06673507690429759,-1,0
2017-08-15,24.829999923706055,-0.2746174475725951,0,0
2017-08-16,24.989999771118164,-0.48597049152149907,0,0
2017-08-17,24.540000915527344,-0.5838821916019228,0,0
2017-08-18,24.829999923706055,-0.6307938351350693,0,0
2017-08-21,24.459999084472656,-0.7479116271523871,0,0
2017-08-22,25.34000015258789,-0.8181176410001854,0,0
2017-08-23,25.479999542236328,-0.7745882314794201,0,0
2017-08-24,25.65999984741211,-0.6772648306453917,0,0
2017-08-25,24.989999771118164,-0.5951472899493027,0,0
2017-08-28,24.90999984741211,-0.5417942664202506,0,0
2017-08-29,25.040000915527344,-0.5017941306619065,0,0
2017-08-30,25.760000228881836,-0.4833528462578265,0,0
2017-08-31,26.110000610351562,-0.4038821332594935,0,0
2017-09-01,25.93000030517578,-0.2578231867621916,0,0
2017-09-05,25.770000457763672,-0.06194072050206856,0,0
2017-09-06,26.049999237060547,0.14167683545280596,1,1
2017-09-07,26.299999237060547,0.30255894380456994,0,1
2017-09-08,26.530000686645508,0.40458826177260576,0,1
2017-09-11,27.56999969482422,0.6032352671903709,0,1
2017-09-12,27.270000457763672,0.8995881361119871,0,1
2017-09-13,27.489999771118164,1.1853528752046465,0,1
2017-09-14,28.639999389648438,1.5207058906555169,0,1
2017-09-15,28.5,1.8778823291554154,0,1
2017-09-18,28.690000534057617,2.118647059272316,0,1
2017-09-19,28.559999465942383,2.2994999829460596,0,1
2017-09-20,28.469999313354492,2.4712057169745947,0,1
2017-09-21,28.399999618530273,2.4688821568208574,0,1
2017-09-22,28.75,2.371058632345761,0,1
2017-09-25,27.450000762939453,2.1939703997443694,0,1
2017-09-26,27.610000610351562,1.9255587633918303,0,1
2017-09-27,28.06999969482422,1.7307059792911303,0,1
2017-09-28,28.489999771118164,1.6067648607141862,0,1
2017-09-29,28.809999465942383,1.5066177648656485,0,1
2017-10-02,29.389999389648438,1.5863234800450918,0,1
2017-10-03,29.940000534057617,1.8765586404239443,0,1
2017-10-04,30.149999618530273,2.1665292066686277,0,1
2017-10-05,30.760000228881836,2.4341763159807996,0,1
2017-10-06,30.760000228881836,2.6774999730727274,0,1
2017-10-09,31.06999969482422,2.8560883017147276,0,1
2017-10-10,31.31999969482422,2.976941187241497,0,1
2017-10-11,32.0,3.1161176120533653,0,1
2017-10-12,32.810001373291016,3.3050883237053377,0,1
2017-10-13,32.810001373291016,3.49494144776288,0,1
2017-10-16,33.220001220703125,3.677735788681929,0,1
2017-10-17,32.689998626708984,3.7950299655689896,0,1
2017-10-18,32.52000045776367,3.7721181701211393,0,1
2017-10-19,32.119998931884766,3.567323875427249,0,1
2017-10-20,32.5,3.2823235231287384,0,1
2017-10-23,32.529998779296875,2.986293759065518,0,1
2017-10-24,32.709999084472656,2.7219406464520617,0,1
2017-10-25,32.900001525878906,2.5669407676248,0,1
2017-10-26,34.11000061035156,2.5954115979811725,0,1
2017-10-27,35.20000076293945,2.8407353569479525,0,1
2017-10-30,35.75,3.1958237816305726,0,1
2017-10-31,37.189998626708984,3.698470940309413,0,1
2017-11-01,36.470001220703125,4.245676736270681,0,1
2017-11-02,36.06999969482422,4.572206003525679,0,1
2017-11-03,36.88999938964844,4.705294031255388,0,1
2017-11-06,37.18000030517578,4.769940987755273,0,1
2017-11-07,36.7599983215332,4.621264519410971,0,1
2017-11-08,36.709999084472656,4.358146650650923,0,1
2017-11-09,37.959999084472656,4.313499338486615,0,1
2017-11-10,39.209999084472656,4.426116932139678,0,1
2017-11-13,39.97999954223633,4.5832639245425995,0,1
2017-11-14,39.7400016784668,4.807734758713664,0,1
2017-11-15,40.65999984741211,5.150146905113672,0,1
2017-11-16,41.900001525878906,5.567676605897788,0,1
2017-11-17,44.18000030517578,6.048676928351902,0,1
2017-11-20,45.209999084472656,6.626618188970227,0,1
2017-11-21,48.060001373291016,7.493676931717815,0,1
2017-11-22,48.810001373291016,8.611853481741512,0,1
2017-11-24,48.86000061035156,9.59123587327845,0,1
2017-11-27,41.02000045776367,9.558735780154954,0,1
2017-11-28,42.54999923706055,8.665265217949369,0,1
2017-11-29,39.130001068115234,7.236265193714814,0,1
2017-11-30,39.220001220703125,5.185147487415982,0,1
2017-12-01,38.220001220703125,2.9883240082684708,0,1
2017-12-04,36.869998931884766,1.376088658501125,0,1
2017-12-05,37.599998474121094,0.34020611258114286,0,1
2017-12-06,37.61000061035156,-0.4538528330185869,-1,0
2017-12-07,38.72999954223633,-0.8269118813907426,0,0
2017-12-08,38.09000015258789,-1.0683239319745255,0,0
2017-12-11,38.29999923706055,-1.1053828407736361,0,0
2017-12-12,38.08000183105469,-1.0782060510971974,0,0
2017-12-13,36.189998626708984,-1.2995588527006277,0,0
2017-12-14,37.0099983215332,-1.7045885086059585,0,0
2017-12-15,37.029998779296875,-2.0521475287044737,0,0
2017-12-18,37.75,-2.269471089980179,0,0
2017-12-19,36.91999816894531,-2.465912549635945,0,0
2017-12-20,35.65999984741211,-2.6190304139081206,0,0
2017-12-21,35.869998931884766,-2.7711772582110257,0,0
2017-12-22,35.13999938964844,-3.045500654332777,0,0
2017-12-26,35.04999923706055,-3.4474418303545775,0,0
2017-12-27,35.75,-3.788265261930576,0,0
2017-12-28,35.130001068115234,-3.920176775315227,0,0
2017-12-29,34.66999816894531,-4.021559098187616,0,0
2018-01-02,36.16999816894531,-3.945471034330481,0,0
2018-01-03,37.310001373291016,-3.5325003680060902,0,0
2018-01-04,38.099998474121094,-3.008117933834299,0,0
2018-01-05,41.13999938964844,-2.155059376884914,0,0
2018-01-08,40.7599983215332,-0.9353535932653045,0,0
2018-01-09,40.880001068115234,0.20994086546056678,1,1
2018-01-10,40.84000015258789,1.1467351240270247,0,1
2018-01-11,42.29999923706055,2.0687056821935315,0,1
2018-01-12,41.25,2.6955882240744202,0,1
2018-01-16,39.31999969482422,2.8140590443330638,0,1
2018-01-17,40.060001373291016,2.7424709768856275,0,1
2018-01-18,40.27000045776367,2.6511180653291575,0,1
2018-01-19,42.560001373291016,2.6032065223245056,0,1
2018-01-22,45.290000915527344,2.893500945147345,0,1
2018-01-23,45.0099983215332,3.6773832994348865,0,1
2018-01-24,44.31999969482422,4.462971260968381,0,1
2018-01-25,45.119998931884766,5.15382386375876,0,1
2018-01-26,45.970001220703125,5.746294268439797,0,1
2018-01-29,45.43000030517578,5.879823583715101,0,1
2018-01-30,45.52000045776367,5.737029602948361,0,1
2018-01-31,46.90999984741211,5.811147465425378,0,1
2018-02-01,44.45000076293945,5.782853552874393,0,1
2018-02-02,43.61000061035156,5.277059543834014,0,1
2018-02-05,41.02000045776367,4.431971202177159,0,1
2018-02-06,41.61000061035156,3.4736476449405487,0,1
2018-02-07,41.66999816894531,2.433647492352655,0,1
2018-02-08,39.5,1.3190590129179114,0,1
2018-02-09,39.56999969482422,0.32461764391730696,0,1
2018-02-12,39.91999816894531,-0.30644148658304005,-1,0
2018-02-13,42.11000061035156,-0.5285005457261036,0,0
2018-02-14,41.849998474121094,-0.6630005219403472,0,0
2018-02-15,44.290000915527344,-0.39158863740808414,0,0
2018-02-16,44.11000061035156,0.2837644801420325,1,1
2018-02-20,44.93000030517578,0.9558235841638947,0,1
2018-02-21,44.099998474121094,1.388323548260857,0,1
2018-02-22,44.900001525878906,1.6640883389641203,0,1
2018-02-23,44.86000061035156,1.8150591681985304,0,1
2018-02-26,46.54999923706055,1.9370883829453405,0,1
2018-02-27,45.90999984741211,2.1237940619973585,0,1
2018-02-28,46.04999923706055,2.265029391120457,0,1
2018-03-01,46.0099983215332,2.418970377304973,0,1
2018-03-02,46.02000045776367,2.5152347564697237,0,1
2018-03-05,50.41999816894531,2.8286758198457562,0,1
2018-03-06,49.599998474121094,3.298646208819221,0,1
2018-03-07,50.720001220703125,3.8267051135792514,0,1
2018-03-08,52.25,4.584764312295356,0,1
2018-03-09,52.4900016784668,5.5335587221033435,0,1
2018-03-12,53.189998626708984,6.195353036768296,0,1
2018-03-13,51.83000183105469,6.478882812051218,0,1
2018-03-14,54.61000061035156,6.8392653745763425,0,1
2018-03-15,54.84000015258789,7.193000591502475,0,1
2018-03-16,54.88999938964844,7.4178827397963545,0,1
2018-03-19,54.58000183105469,7.531147541719321,0,1
2018-03-20,57.689998626708984,7.9426181344424975,0,1
2018-03-21,57.09000015258789,8.44794132008272,0,1
2018-03-22,55.15999984741211,8.420735370411592,0,1
2018-03-23,51.66999816894531,7.854705855425664,0,1
2018-03-26,53.54999923706055,7.12691141016343,0,1
2018-03-27,51.060001373291016,6.037676138036389,0,1
2018-03-28,47.38999938964844,4.181588071935316,0,1
2018-03-29,49.20000076293945,2.388823352140541,0,1
2018-04-02,47.68000030517578,1.1319118724149817,0,1
2018-04-03,47.58000183105469,-0.09599948209874754,-1,0
2018-04-04,47.66999816894531,-1.2264113257913039,0,0
2018-04-05,48.02000045776367,-1.674911532682529,0,0
2018-04-06,45.869998931884766,-2.0588821972117657,0,0
2018-04-09,45.88999938964844,-2.6202941894531264,0,0
2018-04-10,47.79999923706055,-2.8456768596873516,0,0
2018-04-11,47.7599983215332,-2.910706497641165,0,0
2018-04-12,49.689998626708984,-2.858971326491414,0,0
2018-04-13,47.5,-2.6382360570570995,0,0
2018-04-16,47.029998779296875,-2.407118348514331,0,0
2018-04-17,49.130001068115234,-2.2145300023695995,0,0
2018-04-18,51.380001068115234,-1.8452648836023684,0,0
2018-04-19,50.630001068115234,-1.535587961533487,0,0
2018-04-20,51.459999084472656,-1.1935290056116443,0,0
2018-04-23,50.349998474121094,-0.544499700209677,0,0
2018-04-24,46.0099983215332,-0.4706764782176265,0,0
2018-04-25,44.75,-1.3050886041977847,0,0
2018-04-26,46.7400016784668,-2.1882651272942013,0,0
2018-04-27,47.56999969482422,-2.8128826477948365,0,0
2018-04-30,47.34000015258789,-3.344500059240005,0,0
2018-05-01,48.20000076293945,-3.287087889278638,0,0
2018-05-02,48.65999984741211,-2.5362052805283497,0,0
2018-05-03,49.209999084472656,-1.7279114106122222,0,0
2018-05-04,49.099998474121094,-1.1599705864401457,0,0
2018-05-07,51.119998931884766,-0.4929413627175734,0,0
2018-05-08,53.31999969482422,0.5122054941513952,1,1
2018-05-09,54.2599983215332,1.6900875989128537,0,1
2018-05-10,54.650001525878906,2.843205339768353,0,1
2018-05-11,54.72999954223633,3.9127056458417115,0,1
2018-05-14,54.279998779296875,4.7359704298131575,0,1
2018-05-15,54.650001525878906,5.121441190383017,0,1
2018-05-16,56.59000015258789,5.299353307836192,0,1
2018-05-17,54.81999969482422,5.331412135853483,0,1
2018-05-18,55.040000915527344,5.188529743867761,0,1
2018-05-21,56.38999938964844,5.192735851512239,0,1
2018-05-22,54.630001068115234,5.169824095333325,0,1
2018-05-23,55.09000015258789,4.811500481998216,0,1
2018-05-24,55.54999923706055,4.488176906810089,0,1
2018-05-25,55.77000045776367,4.346529736238367,0,1
2018-05-29,56.91999816894531,4.1931178036858014,0,1
2018-05-30,57.90999984741211,4.290735199872188,0,1
2018-05-31,58.25,4.6595879610847035,0,1
2018-06-01,59.40999984741211,5.060558577144846,0,1
2018-06-04,61.20000076293945,5.606029230005603,0,1
2018-06-05,61.56999969482422,6.222705874723545,0,1
2018-06-06,62.720001220703125,6.819000300239111,0,1
2018-06-07,60.66999816894531,7.227588530147777,0,1
2018-06-08,61.779998779296875,7.407176522647632,0,1
2018-06-11,61.290000915527344,7.3405293408562144,0,1
2018-06-12,63.209999084472656,7.0997057185453585,0,1
2018-06-13,62.5,6.727734935984891,0,1
2018-06-14,63.880001068115234,6.513646877513217,0,1
2018-06-15,64.4800033569336,6.603912286197435,0,1
2018-06-18,66.19999694824219,6.838882928736069,0,1
2018-06-19,65.95999908447266,7.066353192048908,0,1
2018-06-20,67.58999633789062,7.310794078602505,0,1
2018-06-21,67.0999984741211,7.600322925343228,0,1
2018-06-22,65.75,7.541381140316233,0,1
2018-06-25,61.88999938964844,6.8341457254746345,0,1
2018-06-26,62.54999923706055,5.768028337815231,0,1
2018-06-27,60.09000015258789,4.455558126112997,0,1
2018-06-28,61.54999923706055,2.9633527082555418,0,1
2018-06-29,61.63999938964844,1.7942645241232498,0,1
2018-07-02,63.13999938964844,1.2763526916503878,0,1
2018-07-03,61.75,1.086646899055026,0,1
2018-07-05,64.1500015258789,1.197058879627896,0,1
2018-07-06,66.44000244140625,1.8100004532757907,0,1
2018-07-09,66.4800033569336,2.443883447086108,0,1
2018-07-10,64.76000213623047,2.798560512767118,0,1
2018-07-11,65.33000183105469,3.038119742449588,0,1
2018-07-12,67.27999877929688,3.372502012813797,0,1
2018-07-13,66.97000122070312,3.3912957247565743,0,1
2018-07-16,66.94999694824219,3.158942043080053,0,1
2018-07-17,68.33000183105469,3.230735487096453,0,1
2018-07-18,68.29000091552734,3.5632941189934257,0,1
2018-07-19,70.31999969482422,3.8331470489501953,0,1
2018-07-20,70.41000366210938,4.141882627150579,0,1
2018-07-23,71.5999984741211,4.636177119086767,0,1
2018-07-24,69.36000061035156,4.9366771697998075,0,1
2018-07-25,72.52999877929688,5.204853327134089,0,1
2018-07-26,71.98999786376953,5.485117676678826,0,1
2018-07-27,69.8499984741211,5.310969924926752,0,1
2018-07-30,65.62000274658203,4.474616869758151,0,1
2018-07-31,64.6500015258789,3.320764384550202,0,1
2018-08-01,66.86000061035156,2.1974704966825556,0,1
2018-08-02,72.6500015258789,1.5033827949972647,0,1
2018-08-03,68.36000061035156,1.2343539967256447,0,1
2018-08-06,70.91999816894531,1.4888831867891241,0,1
2018-08-07,71.0,2.510353133257709,0,1
2018-08-08,70.81999969482422,3.419735179227942,0,1
2018-08-09,69.37999725341797,3.4077052172492586,0,1
2018-08-10,70.5999984741211,3.1998516755945587,0,1
2018-08-13,72.37000274658203,3.343410716337317,0,1
2018-08-14,74.97000122070312,3.548646511751059,0,1
2018-08-15,72.23999786376953,3.7263229257920187,0,1
2018-08-16,72.76000213623047,3.8627938102273447,0,1
2018-08-17,72.9000015258789,4.100353353163769,0,1
2018-08-20,74.26000213623047,4.190235878439509,0,1
2018-08-21,75.19000244140625,4.040059392592482,0,1
2018-08-22,76.44000244140625,4.103677570118634,0,1
2018-08-23,77.12000274658203,4.621883953318871,0,1
2018-08-24,78.18000030517578,5.256766285615811,0,1
2018-08-27,78.25,5.813324849745797,0,1
2018-08-28,80.80000305175781,6.3474423576803645,0,1
2018-08-29,85.69999694824219,7.336059525433697,0,1
2018-08-30,87.76000213623047,8.749441281486966,0,1
2018-08-31,88.63999938964844,10.234735197179461,0,1
2018-09-04,91.25,11.924705684886248,0,1
2018-09-05,87.19999694824219,13.249558100980877,0,1
2018-09-06,88.54000091552734,13.62752851598404,0,1
2018-09-07,89.97000122070312,13.576940603817206,0,1
2018-09-10,89.38999938964844,13.323675828821521,0,1
2018-09-11,92.27999877929688,12.902999249626617,0,1
2018-09-12,90.44000244140625,12.729558473474839,0,1
2018-09-13,90.22000122070312,12.690088361852304,0,1
2018-09-14,90.81999969482422,12.366617584228521,0,1
2018-09-17,86.86000061035156,11.577882273056929,0,1
2018-09-18,87.98999786376953,10.240294153550096,0,1
2018-09-19,84.80000305175781,8.64023531745461,0,1
2018-09-20,86.51000213623047,7.237588366340191,0,1
2018-09-21,85.30000305175781,5.861647572236905,0,1
2018-09-24,86.04000091552734,4.75617727391861,0,1
2018-09-25,95.3499984741211,4.829736171049234,0,1
2018-09-26,94.6500015258789,5.842206663243914,0,1
2018-09-27,97.95999908447266,7.201470857508042,0,1
2018-09-28,99.01000213623047,8.879382144703584,0,1
2018-10-01,97.27999877929688,10.590264196956866,0,1
2018-10-02,97.83000183105469,11.259764368393846,0,1
2018-10-03,96.95999908447266,11.039058550666354,0,1
2018-10-04,94.48999786376953,10.239969994040095,0,1
2018-10-05,94.11000061035156,8.771499207440542,0,1
2018-10-08,86.05999755859375,6.674057837093585,0,1
2018-10-09,86.16999816894531,4.0510574789608285,0,1
2018-10-10,77.44999694824219,0.7577335133272101,0,1
2018-10-11,69.02999877929688,-3.6351488225600406,-1,0
2018-10-12,73.97000122070312,-8.01426627215217,0,0
2018-10-15,73.7699966430664,-11.12947214911965,0,0
2018-10-16,78.72000122070312,-13.007001270967365,0,0
2018-10-17,78.05000305175781,-13.548912182976224,0,0
2018-10-18,74.95999908447266,-12.595176292868231,0,0
2018-10-19,74.06999969482422,-11.589676374547622,0,0
2018-10-22,75.72000122070312,-10.942029032987705,0,0
2018-10-23,74.1500015258789,-10.783734512329104,0,0
2018-10-24,69.33999633789062,-11.637470447315891,0,0
2018-10-25,73.48999786376953,-12.13076524173512,0,0
2018-10-26,71.12000274658203,-12.061735646864946,0,0
2018-10-29,67.27999877929688,-12.564412105784697,0,0
2018-10-30,68.76000213623047,-13.260941696166995,0,0
2018-10-31,73.44999694824219,-12.823500330307908,0,0
2018-11-01,76.73999786376953,-11.633823708926926,0,0
2018-11-02,77.76000213623047,-10.303941412533035,0,0
2018-11-05,75.01000213623047,-8.542235340791592,0,0
2018-11-06,77.30999755859375,-6.613206033145673,0,0
2018-11-07,82.69000244140625,-4.667882335887228,0,0
2018-11-08,75.2300033569336,-3.6906165403478326,0,0
2018-11-09,73.2699966430664,-3.954734129064221,0,0
2018-11-12,69.83000183105469,-4.358646460140449,0,0
2018-11-13,71.8499984741211,-4.712058168299066,0,0
2018-11-14,69.80999755859375,-5.796793791827042,0,0
2018-11-15,73.5999984741211,-6.460147633272058,0,0
2018-11-16,70.58999633789062,-6.124971591725071,0,0
2018-11-19,62.970001220703125,-6.173824579575495,0,0
2018-11-20,61.81999969482422,-6.833412753834452,0,0
2018-11-21,62.619998931884766,-7.569971342647776,0,0
2018-11-23,63.470001220703125,-8.38270624946145,0,0
2018-11-26,66.5199966430664,-9.064764763327211,0,0
2018-11-27,65.87999725341797,-8.595029808493223,0,0
2018-11-28,69.88999938964844,-7.087471434649302,0,0
2018-11-29,69.9000015258789,-5.454088929120232,0,0
2018-11-30,69.83999633789062,-4.041147950116326,0,0
2018-12-03,71.94999694824219,-2.77364834056182,0,0
2018-12-04,63.5099983215332,-2.217206988615146,0,0
2018-12-06,65.69000244140625,-2.46876534854664,0,0
2018-12-07,60.779998779296875,-3.4104711869183717,0,0
2018-12-10,63.380001068115234,-4.602735710144046,0,0
2018-12-11,61.779998779296875,-5.903529155955596,0,0
2018-12-12,63.650001525878906,-6.547116851806642,0,0
2018-12-13,62.900001525878906,-6.562999052159924,0,0
2018-12-14,62.13999938964844,-6.444381534352026,0,0
2018-12-17,58.619998931884766,-6.43364635916317,0,0
2018-12-18,59.91999816894531,-6.803587745217712,0,0
2018-12-19,59.029998779296875,-7.200264493156887,0,0
2018-12-20,55.900001525878906,-7.9610883151783725,0,0
2018-12-21,52.5099983215332,-9.009676731334011,0,0
2018-12-24,50.720001220703125,-10.008706014296578,0,0
2018-12-26,55.31999969482422,-10.57149970110725,0,0
2018-12-27,56.150001525878906,-10.718764002182908,0,0
2018-12-28,55.869998931884766,-10.304175758361815,0,0
2018-12-31,56.09000015258789,-9.273293382981244,0,0
2019-01-02,57.20000076293945,-7.749499141468718,0,0
2019-01-03,52.41999816894531,-6.899146405388329,0,0
2019-01-04,58.18000030517578,-6.529087829589841,0,0
2019-01-07,60.720001220703125,-5.5063819212072005,0,0
2019-01-08,63.119998931884766,-4.030587757334992,0,0
2019-01-09,65.93000030517578,-2.2319409314323835,0,0
2019-01-10,66.0999984741211,0.03155903535730431,1,1
2019-01-11,66.2300033569336,2.0936770046458477,0,1
2019-01-14,65.18000030517578,3.2421771442189,0,1
2019-01-15,65.95999908447266,3.8979123732622867,0,1
2019-01-16,65.9000015258789,4.151412470200476,0,1
2019-01-17,68.83999633789062,4.388000555599433,0,1
2019-01-18,72.23999786376953,5.184911593268893,0,1
2019-01-22,67.8499984741211,6.048499163459326,0,1
2019-01-23,69.0999984741211,6.670528344547051,0,1
2019-01-24,73.94000244140625,7.770145909926477,0,1
2019-01-25,77.97000122070312,9.245234601637897,0,1
2019-01-28,76.22000122070312,10.188735400929168,0,1
2019-01-29,68.55999755859375,10.388470975090485,0,1
2019-01-30,71.52999877929688,10.468206259783578,0,1
2019-01-31,71.3499984741211,10.191617696425489,0,1
2019-02-01,70.80000305175781,8.969735111909756,0,1
2019-02-04,71.75,7.570441055297849,0,1
2019-02-05,72.27999877929688,7.216176380830646,0,1
2019-02-06,72.66999816894531,7.34644116794361,0,1
2019-02-07,71.94999694824219,7.136911571727069,0,1
2019-02-08,73.48999786376953,7.076352108226104,0,1
2019-02-11,74.31999969482422,7.118822187535898,0,1
2019-02-12,75.58999633789062,7.096527851329128,0,1
2019-02-13,75.62999725341797,7.017792309031762,0,1
2019-02-14,75.66999816894531,7.020204185037045,0,1
2019-02-15,75.63999938964844,7.021322160608634,0,1
2019-02-19,76.63999938964844,6.876263483832858,0,1
2019-02-20,75.97000122070312,6.54846980151008,0,1
2019-02-21,74.43000030517578,5.9207352918737115,0,1
2019-02-22,76.08000183105469,5.240412386725922,0,1
2019-02-25,77.12999725341797,4.803794883279238,0,1
2019-02-26,77.94999694824219,4.551735709695251,0,1
2019-02-27,79.31999969482422,4.526117717518531,0,1
2019-02-28,81.23999786376953,5.078734992532162,0,1
2019-03-01,77.45999908447266,5.505528618307679,0,1
2019-03-04,74.69000244140625,5.108058278700881,0,1
2019-03-05,76.04000091552734,4.3889415516572825,0,1
2019-03-06,75.13999938964844,3.4852360220516516,0,1
2019-03-07,74.11000061035156,2.0985009810503783,0,1
2019-03-08,74.4000015258789,0.8770014370188903,0,1
2019-03-11,75.52999877929688,0.5248541663674757,0,1
2019-03-12,76.7699966430664,0.5022945628446678,0,1
2019-03-13,77.8499984741211,0.5864411297966399,0,1
2019-03-14,77.37999725341797,1.0051760729621435,0,1
2019-03-15,76.6500015258789,1.5259993384866277,0,1
2019-03-18,75.2300033569336,1.754970348582546,0,1
2019-03-19,76.80999755859375,1.6222061606014506,0,1
2019-03-20,75.26000213623047,1.1910300984102236,0,1
2019-03-21,78.52999877929688,0.8865893868838981,0,1
2019-03-22,75.08999633789062,0.6769126443301872,0,1
2019-03-25,74.55000305175781,0.3486474429859925,0,1
2019-03-26,73.93000030517578,-0.07279355666217668,-1,0
2019-03-27,72.97000122070312,-0.6184699114631229,0,0
2019-03-28,74.26000213623047,-1.3128521414364087,0,0
2019-03-29,74.91999816894531,-1.811851703419407,0,0
2019-04-01,76.31999969482422,-1.7022930369657558,0,0
2019-04-02,75.5999984741211,-1.3878524107091579,0,0
2019-04-03,77.05000305175781,-0.8338819391587151,0,0
2019-04-04,74.5199966430664,-0.40385295643525865,0,0
2019-04-05,75.02999877929688,-0.3409710603601752,0,0
2019-04-08,75.0,-0.4288827335133334,0,0
2019-04-09,74.5999984741211,-0.6166179656982393,0,0
2019-04-10,74.73999786376953,-0.932030172909009,0,0
2019-04-11,75.5,-1.0610597049488746,0,0
2019-04-12,75.27999877929688,-0.902324070649982,0,0
2019-04-15,74.38999938964844,-0.8587653664981616,0,0
2019-04-16,73.48999786376953,-0.8926772622501034,0,0
2019-04-17,72.76000213623047,-0.9912357554716209,0,0
2019-04-18,70.73999786376953,-1.4417061749626612,0,0
2019-04-22,72.58000183105469,-2.057853115306173,0,0
2019-04-23,72.44999694824219,-2.4380294575410772,0,0
2019-04-24,71.98999786376953,-2.6829119738410583,0,0
2019-04-25,72.6500015258789,-2.776117908253397,0,0
2019-04-26,71.55000305175781,-2.6427351334515805,0,0
2019-04-29,72.72000122070312,-2.464499439912686,0,0
2019-04-30,72.81999969482422,-2.31408754236557,0,0
2019-05-01,73.62000274658203,-1.9937927694881665,0,0
2019-05-02,67.73999786376953,-2.1178221309886283,0,0
2019-05-03,68.5199966430664,-2.6504995458266336,0,0
2019-05-06,70.13999938964844,-3.01708847494686,0,0
2019-05-07,68.41999816894531,-3.5168534671559115,0,0
2019-05-08,67.25,-4.352677401374365,0,0
2019-05-09,66.38999938964844,-4.828353971593515,0,0
2019-05-10,65.98999786376953,-4.904000787173999,0,0
2019-05-13,62.38999938964844,-5.619353574865002,0,0
2019-05-14,64.11000061035156,-6.502117987240069,0,0
2019-05-15,65.2300033569336,-6.876882149191474,0,0
2019-05-16,66.4000015258789,-6.848469857608563,0,0
2019-05-17,65.30999755859375,-6.658557891845703,0,0
2019-05-20,64.38999938964844,-6.209793203017284,0,0
2019-05-21,65.91999816894531,-5.510999320535092,0,0
2019-05-22,66.45999908447266,-4.908911693797393,0,0
2019-05-23,63.75,-4.736794617596786,0,0
2019-05-24,64.66000366210938,-4.755911928064691,0,0
2019-05-28,65.81999969482422,-4.390411354513731,0,0
2019-05-29,63.22999954223633,-4.214205315533803,0,0
2019-05-30,63.66999816894531,-4.43220528995289,0,0
2019-05-31,61.95000076293945,-4.529146497389846,0,0
2019-06-03,60.619998931884766,-4.698293966405529,0,0
2019-06-04,63.38999938964844,-4.9679415310130395,0,0
2019-06-05,64.93000030517578,-4.753294462316177,0,0
2019-06-06,65.7699966430664,-4.144618023143089,0,0
2019-06-07,68.45999908447266,-3.1472947513355933,0,0
2019-06-10,70.37000274658203,-1.4552651573629873,0,0
2019-06-11,70.18000030517578,0.26461760577034,1,1
2019-06-12,70.45999908447266,1.5524998608757414,0,1
2019-06-13,72.18000030517578,2.7759118697222505,0,1
2019-06-14,71.58999633789062,3.7362356073716114,0,1
2019-06-17,72.20999908447266,4.240146861356848,0,1
2019-06-18,71.81999969482422,4.610352347878845,0,1
2019-06-19,72.66000366210938,5.023176260555488,0,1
2019-06-20,74.41999816894531,5.3830588396857735,0,1
2019-06-21,72.87000274658203,5.5728532903334695,0,1
2019-06-24,72.70999908447266,5.649089140050549,0,1
2019-06-25,69.87000274658203,5.444971735337205,0,1
2019-06-26,69.94999694824219,4.917941934922169,0,1
2019-06-27,71.27999877929688,4.221323731366326,0,1
2019-06-28,72.52999877929688,3.7052351558909606,0,1
2019-07-01,73.19999694824219,3.4650875091552678,0,1
2019-07-02,73.97000122070312,3.62011658163631,0,1
2019-07-03,74.26000213623047,4.183322839175958,0,1
2019-07-05,74.30999755859375,4.668205665139581,0,1
2019-07-08,73.43000030517578,4.82547041949104,0,1
2019-07-09,77.95999908447266,5.072500161563653,0,1
2019-07-10,78.37000274658203,5.605853406120758,0,1
2019-07-11,79.44000244140625,6.189882884306073,0,1
2019-07-12,82.27999877929688,7.041500652537621,0,1
2019-07-15,82.16999816894531,8.182500659718244,0,1
2019-07-16,80.58999633789062,8.844794419232528,0,1
2019-07-17,80.87000274658203,8.881176499759448,0,1
2019-07-18,81.05999755859375,8.7780289145077,0,1
2019-07-19,78.51000213623047,8.06376404481776,0,1
2019-07-22,78.56999969482422,6.819264501683847,0,1
2019-07-23,78.83999633789062,5.7930882173426,0,1
2019-07-24,80.43000030517578,5.118940959257245,0,1
2019-07-25,80.0199966430664,4.533440623563877,0,1
2019-07-26,81.80999755859375,4.3535577437456965,0,1
2019-07-29,80.19999694824219,4.50567476609173,0,1
2019-07-30,80.48999786376953,4.537498294605939,0,1
2019-07-31,80.41000366210938,4.402557575001438,0,1
2019-08-01,80.9800033569336,4.2208231757668955,0,1
2019-08-02,69.5999984741211,2.9956768035888643,0,1
2019-08-05,64.8499984741211,0.377177025290095,0,1
2019-08-06,64.5999984741211,-2.532410969453693,-1,0
2019-08-07,65.0,-5.443587673411642,0,0
2019-08-08,66.2699966430664,-8.223088634715353,0,0
2019-08-09,65.01000213623047,-9.917647732005392,0,0
2019-08-12,62.29999923706055,-10.362970812180464,0,0
2019-08-13,63.0,-10.52385289809284,0,0
2019-08-14,61.54999923706055,-10.804293991537662,0,0
2019-08-15,62.0,-11.316293783748854,0,0
2019-08-16,62.869998931884766,-11.67876437692081,0,0
2019-08-19,64.08000183105469,-11.438588041417738,0,0
2019-08-20,64.37000274658203,-10.848293483958521,0,0
2019-08-21,65.41000366210938,-10.053969282262464,0,0
2019-08-22,64.68000030517578,-9.12820416618797,0,0
2019-08-23,61.779998779296875,-8.656262992410092,0,0
2019-08-26,62.79999923706055,-8.498998540990492,0,0
2019-08-27,61.75,-8.421646095724668,0,0
2019-08-28,62.150001525878906,-8.510970059563135,0,0
2019-08-29,62.84000015258789,-8.48082323635326,0,0
2019-08-30,61.84000015258789,-8.073970222473143,0,0
2019-09-03,61.130001068115234,-7.649822941948386,0,0
2019-09-04,61.16999816894531,-7.298940591251146,0,0
2019-09-05,63.02000045776367,-6.714940856484802,0,0
2019-09-06,62.0,-6.2038527544807,0,0
2019-09-09,61.470001220703125,-5.830587948069848,0,0
2019-09-10,60.54999923706055,-5.405146912967453,0,0
2019-09-11,59.20000076293945,-5.0789704154519555,0,0
2019-09-12,57.790000915527344,-5.1598525327794675,0,0
2019-09-13,58.290000915527344,-5.381058390000291,0,0
2019-09-16,59.25,-5.320087926528025,0,0
2019-09-17,59.599998474121094,-5.021794061099783,0,0
2019-09-18,59.75,-4.450764757044176,0,0
2019-09-19,59.029998779296875,-3.6451472787296098,0,0
2019-09-20,57.849998474121094,-3.0695594338809755,0,0
2019-09-23,56.7599983215332,-3.070795137741989,0,0
2019-09-24,57.5,-3.306412820255055,0,0
2019-09-25,58.5099983215332,-3.4405598920934324,0,0
2019-09-26,60.79999923706055,-3.2116776746862072,0,0
2019-09-27,60.75,-2.601589247759648,0,0
2019-09-30,61.95000076293945,-1.7247947244083193,0,0
2019-10-01,61.630001068115234,-0.7675002939560827,0,0
2019-10-02,60.08000183105469,-0.1557351841646053,0,0
2019-10-03,62.04999923706055,0.14714749280143735,1,1
2019-10-04,62.650001525878906,0.4646476184620596,0,1
2019-10-07,62.25,0.7147947423598353,0,1
2019-10-08,60.79999923706055,0.7412063262041855,0,1
2019-10-09,62.220001220703125,0.9716179342830884,0,1
2019-10-10,62.029998779296875,1.269500238755171,0,1
2019-10-11,61.540000915527344,1.1990001229678882,0,1
2019-10-14,61.83000183105469,1.0637942931231308,0,1
2019-10-15,64.29000091552734,1.3477063571705585,0,1
2019-10-16,63.0,1.7248534707462113,0,1
2019-10-17,63.400001525878906,1.9191183314603961,0,1
2019-10-18,60.45000076293945,1.9593244440415347,0,1
2019-10-21,61.150001525878906,1.8024714413811154,0,1
2019-10-22,58.83000183105469,1.222589088888725,0,1
2019-10-23,58.36000061035156,0.3155303618487153,0,1
2019-10-24,61.720001220703125,-0.24382256900562993,-1,0
2019-10-25,62.88999938964844,-0.18458743375890663,0,0
2019-10-28,62.79999923706055,0.17044163872213858,1,1
2019-10-29,62.40999984741211,0.613147107292626,0,1
2019-10-30,62.15999984741211,1.2396762735703462,0,1
2019-10-31,61.43000030517578,1.4802349539364101,0,1
2019-11-01,62.599998474121094,1.3267936257755082,0,1
2019-11-04,62.380001068115234,1.1656466427971282,0,1
2019-11-05,61.060001373291016,0.9284998613245392,0,1
2019-11-06,61.34000015258789,0.6582647099214398,0,1
2019-11-07,64.41000366210938,0.7438238031723969,0,1
2019-11-08,62.45000076293945,0.8466771967270788,0,1
2019-11-11,63.790000915527344,0.7965008903952224,0,1
2019-11-12,61.540000915527344,0.8484419542200428,0,1
2019-11-13,61.5099983215332,0.8584417006548719,0,1
2019-11-14,62.9900016784668,0.69005895502427,0,1
2019-11-15,64.69999694824219,0.6996760536642626,0,1
2019-11-18,65.73999786376953,1.0187931172987987,0,1
2019-11-19,66.37000274658203,1.5438518524169922,0,1
2019-11-20,67.16999816894531,2.4250579048605587,0,1
2019-11-21,67.41999816894531,3.288616427253274,0,1
2019-11-22,67.75,3.8855870190788693,0,1
2019-11-25,68.25,4.251146350187412,0,1
2019-11-26,68.94000244140625,4.550764151180488,0,1
2019-11-27,69.6500015258789,4.844882045072666,0,1
2019-11-29,69.12000274658203,5.039353359446814,0,1
2019-12-02,66.87999725341797,4.936618288825542,0,1
2019-12-03,67.04000091552734,4.61391229068532,0,1
2019-12-04,67.77999877929688,4.266176739860981,0,1
2019-12-05,67.13999938964844,3.7738820917466,0,1
2019-12-06,67.9800033569336,3.2431466383092555,0,1
2019-12-09,67.05999755859375,2.9494996912339104,0,1
2019-12-10,65.83999633789062,2.6574994031120696,0,1
2019-12-11,65.75,2.122734451293951,0,1
2019-12-12,65.86000061035156,1.6221758898566776,0,1
2019-12-13,64.80000305175781,1.0872053482953277,0,1
2019-12-16,66.52999877929688,0.6332642162547302,0,1
2019-12-17,65.55000305175781,0.4502355575561552,0,1
2019-12-18,65.13999938964844,0.27023612751679593,0,1
2019-12-19,64.55000305175781,-0.01146960538976316,-1,0
2019-12-20,63.630001068115234,-0.32049904991599476,0,0
2019-12-23,62.79999923706055,-0.8318227431353336,0,0
2019-12-24,63.959999084472656,-1.4126465629128973,0,0
2019-12-26,64.02999877929688,-1.7648528491749502,0,0
2019-12-27,63.79999923706055,-1.9814414417042485,0,0
2019-12-30,61.79999923706055,-2.2209125070010884,0,0
2019-12-31,62.560001373291016,-2.400265401952403,0,0
2020-01-02,63.83000183105469,-2.4528531691607327,0,0
2020-01-03,63.0,-2.6244410458733043,0,0
2020-01-06,62.56999969482422,-2.8661761676563984,0,0
2020-01-07,64.58999633789062,-2.7023822560029913,0,0
2020-01-08,67.5999984741211,-1.945118129954615,0,0
2020-01-09,67.93000030517578,-1.0814126631792789,0,0
2020-01-10,67.98999786376953,-0.20741298899932303,0,0
2020-01-13,68.66000366210938,0.8702930001651481,1,1
2020-01-14,68.16999816894531,1.8128817614387032,0,1
2020-01-15,70.36000061035156,2.4096762937657985,0,1
2020-01-16,69.5199966430664,2.8051173939424388,0,1
2020-01-17,69.37999725341797,3.09855829126694,0,1
2020-01-21,68.30999755859375,3.218440111945654,0,1
2020-01-22,68.69000244140625,3.2207340464872374,0,1
2020-01-23,69.29000091552734,3.1060285456040333,0,1
2020-01-24,71.13999938964844,3.078528841804058,0,1
2020-01-27,71.05000305175781,3.3006178687600567,0,1
2020-01-28,74.80000305175781,3.9588248308967167,0,1
2020-01-29,76.16000366210938,5.120707769954905,0,1
2020-01-30,76.0999984741211,6.264001644358913,0,1
2020-01-31,74.69000244140625,7.017648696899414,0,1
2020-02-03,79.80000305175781,7.9111783420338355,0,1
2020-02-04,80.9000015258789,8.95441347009995,0,1
2020-02-05,78.25,9.364295308730178,0,1
2020-02-06,78.51000213623047,9.451354127771722,0,1
2020-02-07,78.86000061035156,9.717001365212823,0,1
2020-02-10,80.16999816894531,9.73953015944538,0,1
2020-02-11,79.87999725341797,9.205852901234351,0,1
2020-02-12,80.0,8.78694075416115,0,1
2020-02-13,80.98999786376953,8.70655798070571,0,1
2020-02-14,81.86000061035156,8.741910485660327,0,1
2020-02-18,82.41999816894531,8.730881062675934,0,1
2020-02-19,85.23999786376953,8.873351747849412,0,1
2020-02-20,85.69999694824219,9.294351588978486,0,1
2020-02-21,83.48999786376953,9.484939642513496,0,1
2020-02-24,80.20999908447266,9.027733679378741,0,1
2020-02-25,77.05000305175781,7.859704567404364,0,1
2020-02-26,76.58999633789062,6.068293089025161,0,1
2020-02-27,79.30999755859375,4.215616540347824,0,1
2020-02-28,83.33000183105469,3.1619405185475102,0,1
2020-03-02,80.66999816894531,2.778999620325422,0,1
2020-03-03,78.83999633789062,2.6678224900189633,0,1
2020-03-04,79.26000213623047,2.8010283301858436,0,1
2020-03-05,76.31999969482422,2.518293784646417,0,1
2020-03-06,73.08999633789062,1.0551464080810575,0,1
2020-03-09,65.7300033569336,-1.4616772371179962,-1,0
2020-03-10,67.23999786376953,-4.046264895270852,0,0
2020-03-11,62.439998626708984,-6.780617983200983,0,0
2020-03-12,53.56999969482422,-10.414530024808997,0,0
2020-03-13,57.77000045776367,-13.793735492930686,0,0
2020-03-16,41.27000045776367,-17.13717652489158,0,0
2020-03-17,44.72999954223633,-20.954029498380777,0,0
2020-03-18,39.5,-24.51770555832806,0,0
2020-03-19,40.0,-27.098705359066237,0,0
2020-03-20,38.09000015258789,-29.354587700787704,0,0
2020-03-23,40.0099983215332,-30.325205488765945,0,0
2020-03-24,46.310001373291016,-29.199381918065683,0,0
2020-03-25,52.38999938964844,-26.863411196540383,0,0
2020-03-26,56.029998779296875,-23.260528968362244,0,0
2020-03-27,53.34000015258789,-19.426646681392896,0,0
2020-03-30,55.0,-15.657205357271081,0,0
2020-03-31,52.380001068115234,-12.776646479438327,0,0
2020-04-01,46.810001373291016,-11.835146387885594,0,0
2020-04-02,45.880001068115234,-12.403734263251806,0,0
2020-04-03,43.720001220703125,-13.303528101303996,0,0
2020-04-06,50.41999816894531,-13.692057598338408,0,0
2020-04-07,50.310001373291016,-13.372793096654554,0,0
2020-04-08,57.040000915527344,-11.621646163042854,0,0
2020-04-09,59.209999084472656,-8.487117071712717,0,0
2020-04-13,59.41999816894531,-4.921323462093582,0,0
2020-04-14,62.40999984741211,-1.6312941270716053,0,0
2020-04-15,61.380001068115234,1.1136765760533933,1,1
2020-04-16,57.31999969482422,2.795735146017634,0,1
2020-04-17,61.09000015258789,3.662176300497613,0,1
2020-04-20,61.060001373291016,4.629617881774905,0,1
2020-04-21,57.400001525878906,4.896294717227711,0,1
2020-04-22,60.959999084472656,4.937706420000858,0,1
2020-04-23,61.81999969482422,5.828059207691865,0,1
2020-04-24,62.0099983215332,6.746235466003419,0,1
2020-04-27,63.54999923706055,7.282235100690059,0,1
2020-04-28,61.75,8.079028881297397,0,1
2020-04-29,65.7699966430664,9.026793188207286,0,1
2020-04-30,65.13999938964844,9.620675300149358,0,1
2020-05-01,63.0,9.804616625168741,0,1
2020-05-04,63.689998626708984,9.510999118580536,0,1
2020-05-05,66.69000244140625,9.366352227154898,0,1
2020-05-06,68.0999984741211,9.349823222440833,0,1
2020-05-07,74.62000274658203,9.601117840935203,0,1
2020-05-08,76.05000305175781,10.786765457602108,0,1
2020-05-11,74.9000015258789,12.14144243352554,0,1
2020-05-12,75.20999908447266,13.176354138991407,0,1
2020-05-13,73.79000091552734,13.857648176305432,0,1
2020-05-14,78.19999694824219,14.1439125509823,0,1
2020-05-15,80.26000213623047,14.201000112645758,0,1
2020-05-18,76.62999725341797,14.081029016831344,0,1
2020-05-19,79.25,13.944793443118826,0,1
2020-05-20,82.04000091552734,14.260558262993314,0,1
2020-05-21,81.48999786376953,14.372793702518237,0,1
2020-05-22,81.48999786376953,13.745675816255456,0,1
2020-05-26,80.79000091552734,13.282616940666657,0,1
2020-05-27,81.0199966430664,12.977381706237793,0,1
2020-05-28,79.62000274658203,12.128705125696527,0,1
2020-05-29,81.08000183105469,11.192029167624085,0,1
2020-06-01,82.72000122070312,10.609765108893896,0,1
2020-06-02,88.0,10.734794717676508,0,1
2020-06-03,91.97000122070312,11.724618608811326,0,1
2020-06-04,87.72000122070312,12.732707124597894,0,1
2020-06-05,89.93000030517578,13.556530324150543,0,1
2020-06-08,89.62000274658203,14.287412654652314,0,1
2020-06-09,89.52999877929688,14.237912705365346,0,1
2020-06-10,91.91000366210938,13.457265741684864,0,1
2020-06-11,86.08999633789062,12.476206656063312,0,1
2020-06-12,86.72000122070312,11.271912148419545,0,1
2020-06-15,91.0,10.321853087930108,0,1
2020-06-16,94.73999786376953,10.092029212502865,0,1
2020-06-17,97.02999877929688,10.180175691492423,0,1
2020-06-18,98.2699966430664,10.963263477998623,0,1
2020-06-19,97.9800033569336,12.305646066104657,0,1
2020-06-22,104.22000122070312,13.643205137813794,0,1
2020-06-23,104.75,14.810470177145575,0,1
2020-06-24,100.87999725341797,15.154705586152915,0,1
2020-06-25,104.77999877929688,15.265117488187897,0,1
2020-06-26,104.30000305175781,15.689147141400497,0,1
2020-06-29,103.68000030517578,15.428470566693463,0,1
2020-06-30,104.94000244140625,14.533029511395611,0,1
2020-07-01,115.9000015258789,14.99755953620462,0,1
2020-07-02,113.38999938964844,16.22379527372472,0,1
2020-07-06,118.97000122070312,17.465030423332664,0,1
2020-07-07,125.5999984741211,19.834618287927967,0,1
2020-07-08,133.35000610351562,23.351883069206693,0,1
2020-07-09,129.38999938964844,26.049971389770505,0,1
2020-07-10,128.0500030517578,27.483942076739154,0,1
2020-07-13,118.6500015258789,27.68676587273093,0,1
2020-07-14,121.23999786376953,26.077442303825833,0,1
2020-07-15,122.19999694824219,23.326000191183653,0,1
2020-07-16,119.94999694824219,20.068322641709273,0,1
2020-07-17,120.7300033569336,17.216146020328296,0,1
2020-07-20,128.38999938964844,16.203439959357766,0,1
2020-07-21,126.98999786376953,16.50743980407715,0,1
2020-07-22,129.17999267578125,16.659851298612708,0,1
2020-07-23,122.93000030517578,16.590851346184223,0,1
2020-07-24,121.41000366210938,15.976116382374485,0,1
2020-07-27,125.75,14.785851759069104,0,1
2020-07-28,123.51000213623047,13.142822826609887,0,1
2020-07-29,128.5500030517578,11.69329483929802,0,1
2020-07-30,129.1300048828125,11.078531512092141,0,1
2020-07-31,129.85000610351562,11.275326134176822,0,1
2020-08-03,134.8000030517578,11.745944213867176,0,1
2020-08-04,136.8300018310547,12.71985615001006,0,1
2020-08-05,146.5500030517578,14.504650115966797,0,1
2020-08-06,154.0,17.243855397841514,0,1
2020-08-07,147.22000122070312,19.92417793273927,0,1
2020-08-10,139.33999633789062,20.874588640998383,0,1
2020-08-11,138.25,20.46147021125344,0,1
2020-08-12,139.02000427246094,18.79694063523236,0,1
2020-08-13,143.19000244140625,15.837205550249891,0,1
2020-08-14,141.9600067138672,13.111529765409571,0,1
2020-08-17,152.47999572753906,12.628059678919158,0,1
2020-08-18,151.0399932861328,13.825470913157744,0,1
2020-08-19,150.3699951171875,15.054616613949037,0,1
2020-08-20,155.86000061035156,16.32514500337487,0,1
2020-08-21,155.10000610351562,17.750262316535498,0,1
2020-08-24,151.7899932861328,18.078791427612316,0,1
2020-08-25,155.0,17.702262609145208,0,1
2020-08-26,153.74000549316406,17.758793729894307,0,1
2020-08-27,155.61000061035156,17.307412360696247,0,1
2020-08-28,155.92999267578125,16.411881772209625,0,1
2020-08-31,159.55999755859375,16.160116285436317,0,1
2020-09-01,166.66000366210938,16.885764043471397,0,1
2020-09-02,162.8800048828125,17.680617074405433,0,1
2020-09-03,152.86000061035156,17.215793407664563,0,1
2020-09-04,146.38999938964844,15.249588237089256,0,1
2020-09-08,139.11000061035156,11.807647996790251,0,1
2020-09-09,144.2100067138672,7.118383654426111,0,1
2020-09-10,141.07000732421875,2.204589776431817,0,1
2020-09-11,137.4499969482422,-2.0200574089498957,-1,0
2020-09-14,144.39999389648438,-4.270205194809876,0,0
2020-09-15,154.5,-3.6602056839886643,0,0
2020-09-16,151.0500030517578,-2.223823726878436,0,0
2020-09-17,145.63999938964844,-1.6565012763528273,0,0
2020-09-18,145.00999450683594,-0.9092373567468996,0,0
2020-09-21,151.1199951171875,0.05582163193648171,1,1
2020-09-22,155.58999633789062,0.3209392323213365,0,1
2020-09-23,149.58999633789062,-0.03664986105528101,-1,0
2020-09-24,152.30999755859375,0.46449647791246207,1,1
2020-09-25,157.72000122070312,2.2729381785673297,0,1
2020-09-28,160.75999450683594,4.038527051140278,0,1
2020-09-29,164.80999755859375,5.21893893971162,0,1
2020-09-30,162.5500030517578,6.700322139964385,0,1
2020-10-01,168.49000549316406,8.896235342586749,0,1
2020-10-02,169.61000061035156,10.92455964929917,0,1
2020-10-05,180.9199981689453,13.304707067153032,0,1
2020-10-06,175.33999633789062,15.598118995217732,0,1
2020-10-07,180.17999267578125,17.618382532456337,0,1
2020-10-08,183.5,20.0375280492446,0,1
2020-10-09,187.27999877929688,22.425821551154627,0,1
2020-10-12,185.1699981689453,23.65370375689338,0,1
2020-10-13,190.47000122070312,24.579204155417045,0,1
2020-10-14,187.49000549316406,25.80526473101449,0,1
2020-10-15,188.60000610351562,26.064795954087202,0,1
2020-10-16,186.35000610351562,25.549297018612123,0,1
2020-10-19,186.9600067138672,24.78500415577608,0,1
2020-10-20,185.74000549316406,23.807475864186017,0,1
2020-10-21,177.82000732421875,21.8671822940602,0,1
2020-10-22,175.92999267578125,19.074210626938765,0,1
2020-10-23,176.77000427246094,16.063179734173957,0,1
2020-10-26,169.88999938964844,12.498767000086161,0,1
2020-10-27,171.02000427246094,8.472854434742658,0,1
2020-10-28,167.1300048828125,5.154354140337773,0,1
2020-10-29,169.86000061035156,2.618501730526191,0,1
2020-10-30,154.8800048828125,-0.8082329245174549,-1,0
2020-11-02,155.22999572753906,-4.628086269603045,0,0
2020-11-03,158.2100067138672,-7.491115794462303,0,0
2020-11-04,171.2899932861328,-8.838616674086609,0,0
2020-11-05,175.22999572753906,-8.707235897288598,0,0
2020-11-06,198.0800018310547,-4.985236807430482,0,0
2020-11-09,184.0800018310547,1.110204494700696,1,1
2020-11-10,172.0,4.625674887264466,0,1
2020-11-11,183.4199981689453,6.430615817799293,0,1
2020-11-12,178.50999450683594,7.2083809796501725,0,1
2020-11-13,177.19000244140625,4.900027959487005,0,1
2020-11-16,179.16000366210938,1.866380938361658,0,1
2020-11-17,187.89999389648438,2.3805570265826077,0,1
2020-11-18,185.5399932861328,3.55902683033662,0,1
2020-11-19,191.66000366210938,4.511027392219091,0,1
2020-11-20,195.97000122070312,7.158439860624412,0,1
2020-11-23,207.77999877929688,11.200056816549846,0,1
2020-11-24,202.89999389648438,14.750879803825825,0,1
2020-11-25,212.9199981689453,18.222115595200478,0,1
2020-11-27,212.52000427246094,22.242292561250594,0,1
2020-11-30,210.9600067138672,25.076851788689112,0,1
2020-12-01,203.0,25.53432294060204,0,1
2020-12-02,202.0,24.568676712933723,0,1
2020-12-03,205.52999877929688,23.277324631634883,0,1
2020-12-04,208.14999389648438,21.531765118767225,0,1
2020-12-07,212.5800018310547,20.55941090303307,0,1
2020-12-08,213.00999450683594,20.94461598115808,0,1
2020-12-09,207.0399932861328,21.618879834343403,0,1
2020-12-10,217.25,22.257526442583867,0,1
2020-12-11,216.58999633789062,23.08029152365293,0,1
2020-12-14,215.86000061035156,22.990674097397743,0,1
2020-12-15,219.99000549316406,22.620498567468957,0,1
2020-12-16,227.0800018310547,23.720735841638884,0,1
2020-12-17,230.74000549316406,25.296825453814336,0,1
2020-12-18,235.4499969482422,26.451679050221173,0,1
2020-12-21,233.5,27.76579675113456,0,1
2020-12-22,241.5800018310547,29.31173750933479,0,1
2020-12-23,230.67999267578125,29.731324543672457,0,1
2020-12-24,228.27999877929688,28.191793509090644,0,1
2020-12-28,223.33999633789062,25.583175165512984,0,1
2020-12-29,214.0,21.610704623951648,0,1
2020-12-30,221.0399932861328,16.445527424531832,0,1
2020-12-31,217.63999938964844,11.863115557502283,0,1
2021-01-04,221.16000366210938,8.716675388111781,0,1
2021-01-05,229.75,7.245529085047082,0,1
2021-01-06,226.88999938964844,7.70067654777975,0,1
2021-01-07,239.47999572753906,9.373235590317677,0,1
2021-01-08,241.4499969482422,12.017500215418181,0,1
2021-01-11,225.5,13.512646663890166,0,1
2021-01-12,227.52000427246094,12.762029086842261,0,1
2021-01-13,230.9199981689453,12.13776465023264,0,1
2021-01-14,232.7899932861328,11.091911360796757,0,1
2021-01-15,227.75,8.395264345056859,0,1
2021-01-19,227.25999450683594,6.766411276424634,0,1
2021-01-20,226.64999389648438,6.407910021613617,0,1
2021-01-21,219.6199951171875,4.715761880313636,0,1
2021-01-22,222.8800048828125,2.0432921465705363,0,1
2021-01-25,216.63999938964844,-0.5291480120490348,-1,0
2021-01-26,209.1699981689453,-3.6275301316205173,0,0
2021-01-27,202.4600067138672,-7.721705088895902,0,0
2021-01-28,219.91000366210938,-10.064350217931434,0,0
2021-01-29,215.9600067138672,-10.959996571260348,0,0
2021-02-01,221.94000244140625,-11.322143375172345,0,0
2021-02-02,227.6300048828125,-9.177466089585266,0,0
2021-02-03,227.94000244140625,-5.123465998032515,0,0
2021-02-04,237.72000122070312,-1.232848986457384,0,0
2021-02-05,240.3800048828125,2.5338270748362675,1,1
2021-02-08,259.9700012207031,8.153385611141431,0,1
2021-02-09,258.1199951171875,14.242149308148555,0,1
2021-02-10,257.489990234375,19.559970810834102,0,1
2021-02-11,265.92999267578125,24.625086660946124,0,1
2021-02-12,272.75,29.70632063921758,0,1
2021-02-16,276.0199890136719,33.227583672018625,0,1
2021-02-17,270.94000244140625,34.7125244140625,0,1
2021-02-18,270.8500061035156,35.79449714211853,0,1
2021-02-19,276.57000732421875,36.54185283885283,0,1
2021-02-22,268.0799865722656,35.580470590030444,0,1
2021-02-23,256.5899963378906,31.907676158231823,0,1
2021-02-24,237.32000732421875,25.970324437758507,0,1
2021-02-25,227.11000061035156,18.119765427533338,0,1
2021-02-26,230.02999877929688,9.227499255012049,0,1
2021-03-01,241.0,2.0110878888298487,0,1
2021-03-02,252.1999969482422,-1.5219401191262705,-1,0
2021-03-03,234.1999969482422,-2.763823296042034,0,0
2021-03-04,218.41000366210938,-3.8600887074189814,0,0
2021-03-05,216.44000244140625,-5.664676486744611,0,0
2021-03-08,201.8699951171875,-10.315647259880507,0,0
2021-03-09,225.08999633789062,-16.52714776431813,0,0
2021-03-10,226.72999572753906,-19.954412707160486,0,0
2021-03-11,241.72000122070312,-18.69658966064452,0,0
2021-03-12,242.11000061035156,-14.406384232464973,0,0
2021-03-15,251.22999572753906,-7.694854826085731,0,0
2021-03-16,243.36000061035156,-1.9433249080882433,0,0
2021-03-17,246.47000122070312,0.7076761133530454,1,1
2021-03-18,224.3000030517578,0.22791222965017255,0,1
2021-03-19,224.83999633789062,-3.436234911750347,-1,0
2021-03-22,226.1300048828125,-7.865440189137189,0,0
2021-03-23,223.1999969482422,-12.387910147274255,0,0
2021-03-24,213.50999450683594,-17.4225580103257,0,0
2021-03-25,208.47000122070312,-21.659205806956578,0,0
2021-03-26,213.60000610351562,-23.54223444321576,0,0
2021-03-29,207.17999267578125,-25.39108752082376,0,0
2021-03-30,212.8300018310547,-26.880735285141895,0,0
2021-03-31,227.0500030517578,-25.450057759004494,0,0
2021-04-01,229.50999450683594,-21.00882249719956,0,0
2021-04-05,229.9499969482422,-16.10482406616211,0,0
2021-04-06,236.5,-10.32723613065832,0,0
2021-04-07,245.1199951171875,-3.205353770536533,0,0
2021-04-08,258.3699951171875,3.7188803280101013,1,1
2021-04-09,261.6499938964844,10.467821009018849,0,1
2021-04-12,265.20001220703125,17.468587000229775,0,1
2021-04-13,273.2300109863281,24.46423609116499,0,1
2021-04-14,258.3999938964844,28.910531167423045,0,1
2021-04-15,263.0799865722656,29.87056000653436,0,1
2021-04-16,256.1000061035156,28.874207530302158,0,1
2021-04-19,245.3300018310547,25.885148755241858,0,1
2021-04-20,245.5,21.1599994883818,0,1
2021-04-21,245.25,17.008028322107634,0,1
2021-04-22,245.11000061035156,13.340883277444277,0,1
2021-04-23,246.42999267578125,9.743207056382118,0,1
2021-04-26,255.77000427246094,8.586529496136848,0,1
2021-04-27,253.7899932861328,9.244823096780237,0,1
2021-04-28,254.1999969482422,10.142792735380283,0,1
2021-04-29,247.75999450683594,10.809997782987693,0,1
2021-04-30,244.82000732421875,10.78532216689166,0,1
2021-05-03,243.67999267578125,9.486498888801123,0,1
2021-05-04,231.19000244140625,6.307498662612005,0,1
2021-05-05,231.8699951171875,2.208175928452448,0,1
2021-05-06,223.9600067138672,-2.1851171156939415,-1,0
2021-05-07,233.35000610351562,-5.832263273351344,0,0
2021-05-10,216.42999267578125,-9.686763359518608,0,0
2021-05-11,220.64999389648438,-13.28561693079331,0,0
2021-05-12,206.6699981689453,-16.721529253791346,0,0
2021-05-13,197.1300048828125,-21.657176298253688,0,0
2021-05-14,207.85000610351562,-26.638853005801934,0,0
2021-05-17,202.9199981689453,-30.392646654914415,0,0
2021-05-18,203.16000366210938,-33.28779229556815,0,0
2021-05-19,200.11000061035156,-35.15440871294808,0,0
2021-05-20,204.91000366210938,-34.27446751314051,0,0
2021-05-21,200.00999450683594,-33.4784100700827,0,0
2021-05-24,210.9499969482422,-32.643381859274456,0,0
2021-05-25,216.1999969482422,-29.735353223015295,0,0
2021-05-26,222.33999633789062,-25.25320730770335,0,0
2021-05-27,220.89999389648438,-20.302091082404644,0,0
2021-05-28,222.52000427246094,-15.225179201013901,0,0
2021-06-01,221.9499969482422,-10.492413195441742,0,0
2021-06-02,220.41000366210938,-7.658618343577672,0,0
2021-06-03,211.42999267578125,-7.010382977653961,0,0
2021-06-04,213.69000244140625,-7.439147231158074,0,0
2021-06-07,216.9499969482422,-7.676117571662445,0,0
2021-06-08,214.1199951171875,-8.137294814165898,0,0
2021-06-09,210.2100067138672,-8.963530013140513,0,0
2021-06-10,217.13999938964844,-8.485911470301005,0,0
2021-06-11,219.33999633789062,-6.540205562815942,0,0
2021-06-14,230.9499969482422,-3.8118237663717878,0,0
2021-06-15,227.75,-0.3008820926442013,0,0
2021-06-16,225.11000061035156,3.3628529268152647,1,1
2021-06-17,236.1300048828125,7.350676188749418,0,1
2021-06-18,237.0500030517578,11.30597143734201,0,1
2021-06-21,233.88999938964844,13.629207611083984,0,1
2021-06-22,235.97000122070312,14.818884367101333,0,1
2021-06-23,238.6999969482422,16.8291488198673,0,1
2021-06-24,244.14999389648438,18.59279457541075,0,1
2021-06-25,239.94000244140625,19.289970128676458,0,1
2021-06-28,246.60000610351562,20.309382360121788,0,1
2021-06-29,248.8699951171875,22.011705735150514,0,1
2021-06-30,243.8000030517578,22.850676233628235,0,1
2021-07-01,241.85000610351562,21.927001504337085,0,1
2021-07-02,241.0800018310547,20.664679179472074,0,1
2021-07-06,246.6999969482422,19.656178283691418,0,1
2021-07-07,244.63999938964844,17.98935434678023,0,1
2021-07-08,235.89999389648438,15.640030490650844,0,1
2021-07-09,241.88999938964844,13.783882006476915,0,1
2021-07-12,243.35000610351562,12.833705184038934,0,1
2021-07-13,241.42999267578125,11.448116841035755,0,1
2021-07-14,239.0,9.573587081011596,0,1
2021-07-15,235.16000366210938,8.411764436609587,0,1
2021-07-16,237.52000427246094,7.467824464685776,0,1
2021-07-19,233.69000244140625,5.656147990507236,0,1
2021-07-20,246.47000122070312,4.669295501708973,0,1
2021-07-21,257.25,6.095943406048946,0,1
2021-07-22,260.5899963378906,9.199236791274132,0,1
2021-07-23,264.0,12.927441496007589,0,1
2021-07-26,261.989990234375,17.003234100341786,0,1
2021-07-27,251.72999572753906,19.14379124360923,0,1
2021-07-28,258.6099853515625,18.540936593448436,0,1
2021-07-29,255.27999877929688,16.873288637049058,0,1
2021-07-30,247.25999450683594,13.696817779540993,0,1
2021-08-02,272.3800048828125,12.041965664134324,0,1
2021-08-03,269.489990234375,13.633878371294799,0,1
2021-08-04,266.4200134277344,14.969557055305017,0,1
2021-08-05,281.80999755859375,17.124294954187718,0,1
2021-08-06,275.1000061035156,21.329972525203942,0,1
2021-08-09,279.7300109863281,23.615297609217038,0,1
2021-08-10,273.0799865722656,23.48944495705996,0,1
