Date,Close,trend_aroon_up,trend_aroon_down,aroon_signal,aroon_position,macd,signal,macd_signal,macd_position,RSI,rsi_signal,rsi_position
2019-09-03,61.130001068115234,0.0,0.0,0,1,0.0,0.0,0,1,0.0,0,1
2019-09-04,61.16999816894531,0.0,0.0,0,1,0.0031906519180679,0.0006381303836135,1,1,100.0,0,1
2019-09-05,63.02000045776367,0.0,0.0,0,1,0.1532326198858982,0.0311570282840705,0,1,100.0,0,1
2019-09-06,62.0,0.0,0.0,0,1,0.1876730697270048,0.0624602365726573,0,1,68.32967370262185,0,1
2019-09-09,61.470001220703125,0.0,0.0,0,1,0.1702384988070164,0.0840158890195292,0,1,58.04326938401719,0,1
2019-09-10,60.54999923706055,0.0,0.0,0,1,0.0812484231938697,0.0834623958543973,-1,0,45.29610284522188,0,1
2019-09-11,59.20000076293945,0.0,0.0,0,1,-0.0970912399451222,0.0473516686944933,0,0,33.62616925002489,0,1
2019-09-12,57.790000915527344,0.0,0.0,0,1,-0.3481882146772577,-0.0317563079798568,0,0,26.071114511106032,1,1
2019-09-13,58.290000915527344,0.0,0.0,0,1,-0.5010626169354566,-0.1256175697709768,0,0,31.913086745024287,0,1
2019-09-16,59.25,0.0,0.0,0,1,-0.5385447701777011,-0.2082030098523216,0,0,41.4755195100356,0,1
2019-09-17,59.59999847412109,0.0,0.0,0,1,-0.5338537610196283,-0.273333160085783,0,0,44.534039360176806,0,1
2019-09-18,59.75,0.0,0.0,0,1,-0.5121287317114849,-0.3210922744109233,0,0,45.840400901445015,0,1
2019-09-19,59.02999877929688,0.0,0.0,0,1,-0.5467074673043655,-0.3662153129896118,0,0,40.8651786271388,0,1
2019-09-20,57.84999847412109,0.0,0.0,0,1,-0.6616998632124762,-0.4253122230341847,0,0,34.29561851324749,0,1
2019-09-23,56.7599983215332,0.0,0.0,0,1,-0.8312044606322573,-0.5064906705537993,0,0,29.567140848527103,0,1
2019-09-24,57.5,0.0,0.0,0,1,-0.8955033194665631,-0.5842932003363521,0,0,36.01683675745721,0,1
2019-09-25,58.5099983215332,0.0,0.0,0,1,-0.8551050855595435,-0.6384555773809903,0,0,43.60716379716308,0,1
2019-09-26,60.79999923706055,0.0,0.0,0,1,-0.6310311245867908,-0.6369706868221505,1,1,56.27323255621266,0,1
2019-09-27,60.75,0.0,0.0,0,1,-0.452271907697451,-0.6000309309972107,0,1,55.97760519723868,0,1
2019-09-30,61.95000076293945,0.0,0.0,0,1,-0.2113377377895844,-0.5222922923556854,0,1,61.24049002338284,0,1
2019-10-01,61.630001068115234,0.0,0.0,0,1,-0.0456902841692326,-0.4269718907183948,0,1,59.20775160117656,0,1
2019-10-02,60.08000183105469,0.0,0.0,0,1,-0.0390354914496384,-0.3493846108646436,0,1,50.46926160360195,0,1
2019-10-03,62.04999923706055,0.0,0.0,0,1,0.123774016618313,-0.2547528853680523,0,1,58.79346645162741,0,1
2019-10-04,62.650001525878906,0.0,0.0,0,1,0.2977842238522896,-0.1442454635239839,0,1,60.94626065872605,0,1
2019-10-07,62.25,12.0,60.0,0,1,0.3988145012577746,-0.0356334705676322,0,1,58.74290170693343,0,1
2019-10-08,60.79999923706055,8.0,56.00000000000001,0,1,0.3577548058708117,0.0430441847200565,0,1,51.4776866015824,0,1
2019-10-09,62.220001220703125,4.0,52.0,0,1,0.434785062529194,0.121392360281884,0,1,57.076472852677455,0,1
2019-10-10,62.02999877929688,84.0,48.0,0,1,0.4750246977758152,0.1921188277806703,0,1,56.14299740848912,0,1
2019-10-11,61.540000915527344,80.0,44.0,0,1,0.4620499419814265,0.2461050506208215,0,1,53.70367360339984,0,1
2019-10-14,61.83000183105469,76.0,40.0,0,1,0.469752984783085,0.2908346374532742,0,1,54.95119219451623,0,1
2019-10-15,64.29000091552734,100.0,36.0,0,1,0.6666740651151599,0.3660025229856514,0,1,63.8499544478813,0,1
2019-10-16,63.0,96.0,32.0,0,1,0.7104534816282566,0.4348927147141724,0,1,57.442050506057306,0,1
2019-10-17,63.400001525878906,92.0,28.000000000000004,1,1,0.7685662119393584,0.5016274141592096,0,1,58.82204234046559,0,1
2019-10-18,60.45000076293945,88.0,24.0,0,1,0.5700098433510092,0.5153038999975696,0,1,46.77556589507724,0,1
2019-10-21,61.150001525878906,84.0,20.0,0,1,0.4637904149382024,0.5050012029856963,-1,0,49.42247239586544,0,1
2019-10-22,58.83000183105469,80.0,16.0,0,1,0.1902135034614076,0.4420436630808386,0,0,41.97232780111387,0,1
2019-10-23,58.36000061035156,76.0,12.0,0,1,-0.0637880317227868,0.3408773241201135,0,0,40.63589893591914,0,1
2019-10-24,61.720001220703125,72.0,8.0,0,1,0.005969082354376,0.273895675766966,0,0,52.32321538653718,0,1
2019-10-25,62.88999938964844,68.0,4.0,0,1,0.1538872554947516,0.2498939917125232,0,0,55.601099757395374,0,1
2019-10-28,62.79999923706055,64.0,4.0,0,1,0.2608443618171563,0.2520840657334498,1,1,55.28621886544865,0,1
2019-10-29,62.40999984741211,60.0,84.0,0,1,0.3105590167494512,0.2637790559366501,0,1,53.86272176979094,0,1
2019-10-30,62.15999984741211,56.00000000000001,80.0,0,1,0.3260270909357317,0.2762286629364664,0,1,52.92205210809702,0,1
2019-10-31,61.43000030517578,52.0,76.0,0,1,0.2761969623171154,0.2762223228125962,-1,0,50.1669734308119,0,1
2019-11-01,62.59999847412109,48.0,72.0,0,1,0.32734190679313,0.2864462396087029,1,1,54.27556486375013,0,1
2019-11-04,62.380001068115234,44.0,68.0,0,1,0.3461326895155423,0.2983835295900708,0,1,53.38430096923003,0,1
2019-11-05,61.060001373291016,40.0,64.0,0,1,0.2516111597022217,0.289029055612501,-1,0,48.26324594146859,0,1
2019-11-06,61.34000015258789,36.0,60.0,0,1,0.1970245513912303,0.2706281547682469,0,0,49.37267079293014,0,1
2019-11-07,64.41000366210938,100.0,56.00000000000001,0,1,0.3969125365066475,0.295885031115927,1,1,59.60160228553784,0,1
2019-11-08,62.45000076293945,96.0,52.0,0,1,0.3926432048370003,0.3152366658601417,0,1,52.331934464054186,0,1
2019-11-11,63.790000915527344,92.0,48.0,0,1,0.4917183194921577,0.350532996586545,0,1,56.25991288059589,0,1
2019-11-12,61.540000915527344,88.0,44.0,0,1,0.3842504655098295,0.3572764903712019,0,1,48.963982916623245,0,1
2019-11-13,61.5099983215332,84.0,40.0,0,1,0.2932797124072195,0.3444771347784054,-1,0,48.87296826987962,0,1
2019-11-14,62.9900016784668,80.0,36.0,0,1,0.3367270572542011,0.3429271192735645,0,0,53.46786840089349,0,1
2019-11-15,64.69999694824219,100.0,32.0,0,1,0.5033395334867166,0.375009602116195,1,1,58.14800523768479,0,1
2019-11-18,65.73999786376953,100.0,28.000000000000004,0,1,0.7111033467766461,0.4422283510482852,0,1,60.73465996589348,0,1
2019-11-19,66.37000274658203,100.0,24.0,0,1,0.916034321096788,0.5369895450579858,0,1,62.25646747117842,0,1
2019-11-20,67.16999816894531,100.0,20.0,0,1,1.1299709378484266,0.655585823616074,0,1,64.15620089312245,0,1
2019-11-21,67.41999816894531,100.0,16.0,0,1,1.304650954530203,0.7853988497988997,0,1,64.75324504400686,0,1
2019-11-22,67.75,100.0,12.0,0,1,1.452965632703716,0.918912206379863,0,1,65.56852921842437,0,1
2019-11-25,68.25,100.0,8.0,0,1,1.5924946183643982,1.05362868877677,0,1,66.82078853525203,0,1
2019-11-26,68.94000244140625,100.0,4.0,0,1,1.738707042702316,1.1906443595618794,0,1,68.52219635833737,0,1
2019-11-27,69.6500015258789,100.0,36.0,0,1,1.8900847147460524,1.330532430598714,0,1,70.21472425184922,-1,0
2019-11-29,69.12000274658203,96.0,32.0,0,1,1.9448669231014009,1.4533993290992515,0,1,67.30545805367473,0,0
2019-12-02,66.87999725341797,92.0,28.000000000000004,0,1,1.7869338342031682,1.520106230120035,0,1,56.626396507601285,0,0
2019-12-03,67.04000091552734,88.0,24.0,0,1,1.6555969902009906,1.5472043821362262,0,1,57.14940076909872,0,0
2019-12-04,67.77999877929688,84.0,20.0,0,1,1.5928617198994175,1.5563358496888646,0,1,59.57708700521561,0,0
2019-12-05,67.13999938964844,80.0,16.0,0,1,1.4745038021709576,1.5399694401852833,-1,0,56.59090631388983,0,0
2019-12-06,67.9800033569336,76.0,12.0,0,1,1.431978641202221,1.518371280388671,0,0,59.4628535266702,0,0
2019-12-09,67.05999755859375,72.0,8.0,0,1,1.3089515865448789,1.476487341619913,0,0,55.15855370145114,0,0
2019-12-10,65.83999633789062,68.0,4.0,0,1,1.1003240066114444,1.4012546746182193,0,0,49.990806113274985,0,0
2019-12-11,65.75,64.0,4.0,0,1,0.91715085000439,1.3044339096954536,0,0,49.621482214738144,0,0
2019-12-12,65.86000061035156,60.0,20.0,0,1,0.7719622335453806,1.197939574465439,0,0,50.106675359507975,0,0
2019-12-13,64.80000305175781,56.00000000000001,16.0,0,1,0.5648549683002528,1.0713226532324018,0,0,45.55377547253135,0,0
2019-12-16,66.52999877929688,52.0,12.0,0,1,0.5341597049255569,0.9638900635710328,0,0,53.05164296036237,0,0
2019-12-17,65.55000305175781,48.0,8.0,0,1,0.4258471219659157,0.8562814752500094,0,0,48.940153745220506,0,0
2019-12-18,65.13999938964844,44.0,4.0,0,1,0.3034270326758133,0.7457105867351702,0,0,47.28892222542687,0,0
2019-12-19,64.55000305175781,40.0,4.0,0,1,0.1569907644524022,0.6279666222786167,0,0,44.939211741073,0,0
2019-12-20,63.630001068115234,36.0,100.0,0,1,-0.0329180456935915,0.495789688684175,0,0,41.478230167860765,0,0
2019-12-23,62.79999923706055,32.0,100.0,0,1,-0.2475428373656854,0.3471231834742029,0,0,38.590669485668215,0,0
2019-12-24,63.959999084472656,28.000000000000004,96.0,-1,0,-0.3203395628153203,0.2136306342162983,0,0,44.41483085041365,0,0
2019-12-26,64.02999877929688,24.0,92.0,0,0,-0.3681394197734704,0.0972766234183446,0,0,44.75532710626106,0,0
2019-12-27,63.79999923706055,20.0,88.0,0,0,-0.4197416709615424,-0.0061270354576328,0,0,43.805814623651735,0,0
2019-12-30,61.79999923706055,16.0,100.0,0,0,-0.6149315638187431,-0.1278879411298548,0,0,36.54519153148275,0,0
2019-12-31,62.560001373291016,12.0,96.0,0,0,-0.7002233999042176,-0.2423550328847274,0,0,40.57583792044312,0,0
2020-01-02,63.83000183105469,8.0,92.0,0,0,-0.6577571563330125,-0.3254354575743844,0,0,46.671782081368384,0,0
2020-01-03,63.0,4.0,88.0,0,0,-0.6832010471082768,-0.3969885754811629,0,0,43.52898520740563,0,0
2020-01-06,62.56999969482422,4.0,84.0,0,0,-0.7296519710959828,-0.4635212546041269,0,0,41.95283487500301,0,0
2020-01-07,64.58999633789062,20.0,80.0,0,0,-0.5965906896326629,-0.4901351416098342,0,0,50.93983359049376,0,0
2020-01-08,67.5999984741211,16.0,76.0,0,0,-0.245427513064584,-0.4411936159007842,1,1,60.703057791703465,0,0
2020-01-09,67.93000030517578,12.0,72.0,0,0,0.0588221589525375,-0.3411904609301199,0,1,61.605191641956274,0,0
2020-01-10,67.98999786376953,100.0,68.0,0,0,0.3013102011449149,-0.2126903285151129,0,1,61.77699787966186,0,0
2020-01-13,68.66000366210938,100.0,64.0,0,0,0.54130773149204,-0.0618907165136823,0,1,63.72889479771269,0,0
2020-01-14,68.16999816894531,96.0,60.0,0,0,0.6840824782467365,0.0873039224384014,0,1,61.26483947349938,0,0
2020-01-15,70.36000061035156,100.0,56.00000000000001,0,0,0.962848272559924,0.2624127924627059,0,1,67.34236901820694,0,0
2020-01-16,69.5199966430664,96.0,52.0,0,0,1.103273028291838,0.4305848396285323,0,1,63.243544349931845,0,0
2020-01-17,69.37999725341797,92.0,48.0,0,0,1.1895514693258775,0.5823781655680014,0,1,62.56010822509438,0,0
2020-01-21,68.30999755859375,88.0,44.0,0,0,1.1582362953999166,0.6975497915343845,0,1,57.45017439835925,0,0
2020-01-22,68.69000244140625,84.0,40.0,0,0,1.150816120777435,0.7882030573829946,0,1,58.73915421613913,0,0
2020-01-23,69.29000091552734,80.0,36.0,0,0,1.1797510061651764,0.8665126471394309,0,1,60.76039747664811,0,0
2020-01-24,71.13999938964844,100.0,32.0,0,0,1.3365545581092275,0.9605210293333905,0,1,66.25020921385504,0,0
2020-01-27,71.05000305175781,96.0,28.000000000000004,1,1,1.4369957577993515,1.0558159750265828,0,1,65.76816516183737,0,0
2020-01-28,74.80000305175781,100.0,24.0,0,1,1.7984582845332255,1.2043444369279113,0,1,74.19397570497422,0,0
2020-01-29,76.16000366210938,100.0,20.0,0,1,2.169650246936442,1.3974055989296177,0,1,76.45722161864316,0,0
2020-01-30,76.0999984741211,96.0,16.0,0,1,2.430958062917824,1.6041160917272588,0,1,76.13993080260028,0,0
2020-01-31,74.69000244140625,92.0,12.0,0,1,2.4955048669839077,1.7823938467785887,0,1,68.90395790086757,0,0
2020-02-03,79.80000305175781,100.0,8.0,0,1,2.9252722992918336,2.010969537281238,0,1,77.31727737932617,0,0
2020-02-04,80.9000015258789,100.0,4.0,0,1,3.3163974045992437,2.272055110744839,0,1,78.65600954177533,0,0
2020-02-05,78.25,96.0,4.0,0,1,3.3736446171819523,2.492373012032262,0,1,68.21135841048854,0,0
2020-02-06,78.51000213623047,92.0,12.0,0,1,3.4007912405607783,2.6740566577379656,0,1,68.65120213097724,0,0
2020-02-07,78.86000061035156,88.0,8.0,0,1,3.411224613046045,2.8214902487995817,0,1,69.26764966510581,0,0
2020-02-10,80.16999816894531,84.0,4.0,0,1,3.485025782908977,2.954197355621461,0,1,71.52465815740567,0,0
2020-02-11,79.87999725341797,80.0,4.0,0,1,3.4799978425838987,3.059357453013949,0,1,70.29391141850869,0,0
2020-02-12,80.0,76.0,4.0,0,1,3.445973346699475,3.1366806317510543,0,1,70.5199681024189,0,0
2020-02-13,80.98999786376953,100.0,4.0,0,1,3.4590198151625344,3.20114846843335,0,1,72.38684493879573,0,0
2020-02-14,81.86000061035156,100.0,4.0,0,1,3.4992243065328665,3.260763636053253,0,1,73.94818245626502,0,0
2020-02-18,82.41999816894531,100.0,8.0,0,1,3.5355185217503475,3.3157146131926725,0,1,74.93077151903117,0,0
2020-02-19,85.23999786376953,100.0,4.0,0,1,3.748620591701581,3.4022958088944546,0,1,79.18774257930721,0,0
2020-02-20,85.69999694824219,100.0,16.0,0,1,3.90955666359622,3.503747979834808,0,1,79.79058804053345,0,0
2020-02-21,83.48999786376953,96.0,12.0,0,1,3.814796603058909,3.5659577044796285,0,1,69.39113272297713,0,0
2020-02-24,80.20999908447266,92.0,8.0,0,1,3.4354286005509067,3.5398518836938844,-1,0,57.42790949649724,0,0
2020-02-25,77.05000305175781,88.0,4.0,0,1,2.8469733184770547,3.401276170650519,0,0,48.71429758920388,0,0
2020-02-26,76.58999633789062,84.0,4.0,0,1,2.316793022657976,3.18437954105201,0,0,47.58245923567068,0,0
2020-02-27,79.30999755859375,80.0,4.0,0,1,2.091987554677388,2.965901143777086,0,0,54.338167814518144,0,0
2020-02-28,83.33000183105469,76.0,8.0,0,1,2.2127017020150817,2.8152612554246854,0,0,62.110557693315656,0,0
2020-03-02,80.66999816894531,72.0,4.0,0,1,2.069868315037155,2.66618266734718,0,0,55.39182557354259,0,0
2020-03-03,78.83999633789062,68.0,16.0,0,1,1.7883905203117791,2.4906242379401,0,0,51.281847254385184,0,0
2020-03-04,79.26000213623047,64.0,12.0,0,1,1.580983701858159,2.308696130723712,0,0,52.15921287746573,0,0
2020-03-05,76.31999969482422,60.0,8.0,0,1,1.1659384647027622,2.080144597519522,0,0,45.92456486588608,0,0
2020-03-06,73.08999633789062,56.00000000000001,100.0,0,1,0.5698094388603465,1.778077565787687,0,0,40.23447396625219,0,0
2020-03-09,65.7300033569336,52.0,100.0,0,1,-0.4908587187718609,1.3242903088757776,0,0,30.853669440162733,0,0
2020-03-10,67.23999786376953,48.0,96.0,0,1,-1.1958173007728874,0.8202687869460447,0,0,34.241163406892,0,0
2020-03-11,62.43999862670898,44.0,100.0,0,1,-2.117413652581689,0.2327322990404979,0,0,29.32333628605143,1,1
2020-03-12,53.56999969482422,40.0,100.0,0,1,-3.522910268621203,-0.5183962144918424,0,0,22.805173427012264,0,1
2020-03-13,57.77000045776367,36.0,96.0,0,1,-4.248892909572987,-1.2644955535080715,0,0,30.664380175588192,0,1
2020-03-16,41.27000045776367,32.0,100.0,0,1,-6.085501612203885,-2.2286967652472343,0,0,21.432612179441733,0,1
2020-03-17,44.72999954223633,28.000000000000004,96.0,-1,0,-7.1790782857350735,-3.2187730693448025,0,0,26.434151231138102,0,1
2020-03-18,39.5,24.0,100.0,0,0,-8.37126420955488,-4.249271297386818,0,0,23.952076411105764,0,1
2020-03-19,40.0,20.0,96.0,0,0,-9.170027948051263,-5.233422627519707,0,0,24.68021094695682,0,1
2020-03-20,38.09000015258789,16.0,100.0,0,0,-9.843702911076448,-6.155478684231055,0,0,23.744927746149344,0,1
2020-03-23,40.0099983215332,12.0,96.0,0,0,-10.1061697328917,-6.9456168939631855,0,0,26.74999429809779,0,1
2020-03-24,46.310001373291016,8.0,92.0,0,0,-9.694071760294564,-7.495307867229461,0,0,35.703576084631194,0,1
2020-03-25,52.38999938964844,4.0,88.0,0,0,-8.775715139316219,-7.751389321646813,0,0,42.951012951925264,0,1
2020-03-26,56.02999877929688,4.0,84.0,0,0,-7.665826494767877,-7.734276756271026,1,1,46.81610896549133,0,1
2020-03-27,53.34000015258789,20.0,80.0,0,0,-6.923482558351893,-7.572117916687199,0,1,44.42094330345552,0,1
2020-03-30,55.0,16.0,76.0,0,0,-6.130552334775423,-7.283804800304845,0,1,46.24850262097271,0,1
2020-03-31,52.380001068115234,12.0,72.0,0,0,-5.648449626143346,-6.956733765472546,0,1,43.80047197573294,0,1
2020-04-01,46.810001373291016,8.0,68.0,0,0,-5.650694492458683,-6.695525910869773,0,1,39.066142832228365,0,1
2020-04-02,45.880001068115234,4.0,64.0,0,0,-5.662245970554999,-6.488869922806819,0,1,38.32135408365735,0,1
2020-04-03,43.720001220703125,4.0,60.0,0,0,-5.7790769344347765,-6.34691132513241,0,1,36.57714827212168,0,1
2020-04-06,50.41999816894531,8.0,56.00000000000001,0,0,-5.270280047763606,-6.13158506965865,0,1,44.9474295406468,0,1
2020-04-07,50.310001373291016,4.0,52.0,0,0,-4.820364510021996,-5.869340957731319,0,1,44.842794519172365,0,1
2020-04-08,57.040000915527344,4.0,48.0,0,0,-3.876067592353479,-5.470686284655751,0,1,52.178107524718015,0,1
2020-04-09,59.209999084472656,4.0,44.0,0,0,-2.918956847456826,-4.960340397215966,0,1,54.28900010344746,0,1
2020-04-13,59.41999816894531,8.0,40.0,0,0,-2.1190672275091345,-4.3920857632746,0,1,54.49831952606738,0,1
2020-04-14,62.40999984741211,4.0,36.0,0,0,-1.2297055141395603,-3.759609713447592,0,1,57.48359270961007,0,1
2020-04-15,61.380001068115234,4.0,32.0,0,0,-0.6010635556983033,-3.1279004818977345,0,1,56.11773106960941,0,1
2020-04-16,57.31999969482422,92.0,28.000000000000004,1,1,-0.4255628310772508,-2.587432951733638,0,1,50.97607146668215,0,1
2020-04-17,61.09000015258789,88.0,24.0,0,1,0.0175282327759731,-2.066440714831716,0,1,55.090776168808105,0,1
2020-04-20,61.060001373291016,84.0,20.0,0,1,0.3620865342238986,-1.5807352650205928,0,1,55.05118082990084,0,1
2020-04-21,57.400001525878906,80.0,16.0,0,1,0.3359474773399711,-1.1973987165484803,0,1,50.30106178613703,0,1
2020-04-22,60.959999084472656,76.0,12.0,0,1,0.5956281072208398,-0.8387933517946163,0,1,54.42069777376537,0,1
2020-04-23,61.81999969482422,72.0,8.0,0,1,0.8608978447655744,-0.4988551124825782,0,1,55.3828576165103,0,1
2020-04-24,62.0099983215332,68.0,4.0,0,1,1.0740760441775097,-0.1842688811505607,0,1,55.60582530280052,0,1
2020-04-27,63.54999923706055,100.0,4.0,0,1,1.3517048940246283,0.1229258738844771,0,1,57.46140052061803,0,1
2020-04-28,61.75,96.0,36.0,0,1,1.410226647569253,0.3803860286214323,0,1,54.58932203978785,0,1
2020-04-29,65.7699966430664,100.0,32.0,0,1,1.760689558225529,0.6564467345422518,0,1,59.46252843917617,0,1
2020-04-30,65.13999938964844,96.0,28.000000000000004,0,1,1.9649477323049356,0.9181469340947884,0,1,58.40473103395353,0,1
2020-05-01,63.0,92.0,24.0,0,1,1.931874296499984,1.1208924065758277,0,1,54.8362256458102,0,1
2020-05-04,63.68999862670898,88.0,20.0,0,1,1.938989024464334,1.284511730153529,0,1,55.77450104619039,0,1
2020-05-05,66.69000244140625,100.0,16.0,0,1,2.1617830441334576,1.4599659929495146,0,1,59.69513120995737,0,1
2020-05-06,68.0999984741211,100.0,12.0,0,1,2.424179375040844,1.6528086693677804,0,1,61.42597876096556,0,1
2020-05-07,74.62000274658203,100.0,8.0,0,1,3.122248871132797,1.946696709720784,0,1,68.22184288663415,0,1
2020-05-08,76.05000305175781,100.0,4.0,0,1,3.747662331205945,2.306889834017816,0,1,69.49137962730333,0,1
2020-05-11,74.9000015258789,96.0,8.0,0,1,4.103212215737813,2.6661543103618155,0,1,67.16745297970904,0,1
2020-05-12,75.20999908447266,92.0,4.0,0,1,4.359745836888635,3.00487261566718,0,1,67.48313128746207,0,1
2020-05-13,73.79000091552734,88.0,4.0,0,1,4.397773796257425,3.283452851785229,0,1,64.42733414309721,0,1
2020-05-14,78.19999694824219,100.0,20.0,0,1,4.729245256534938,3.5726113327351707,0,1,69.10615442422225,0,1
2020-05-15,80.26000213623047,100.0,16.0,0,1,5.09938148392483,3.877965362973103,0,1,71.02341834727628,-1,0
2020-05-18,76.62999725341797,96.0,12.0,0,1,5.04168860608371,4.110710011595224,0,1,63.540297616745,0,0
2020-05-19,79.25,92.0,8.0,0,1,5.148035560709516,4.318175121418083,0,1,66.30016477913635,0,0
2020-05-20,82.04000091552734,100.0,4.0,0,1,5.395252927985936,4.533590682731654,0,1,68.99192943409989,0,0
2020-05-21,81.48999786376953,96.0,12.0,0,1,5.483582497330247,4.723589045651373,0,1,67.84152551966775,0,0
2020-05-22,81.48999786376953,92.0,8.0,0,1,5.4902956072458124,4.876930357970261,0,1,67.84152551966775,0,0
2020-05-26,80.79000091552734,88.0,4.0,0,1,5.377147482593429,4.976973782894895,0,1,66.21189740807253,0,0
2020-05-27,81.0199966430664,84.0,4.0,0,1,5.245567870517405,5.030692600419397,0,1,66.49666414504003,0,0
2020-05-28,79.62000274658203,80.0,16.0,0,1,4.971019454834959,5.018757971302509,-1,0,63.01520072934837,0,0
2020-05-29,81.08000183105469,76.0,12.0,0,1,4.815734788832742,4.978153334808557,0,0,65.06911668731925,0,0
2020-06-01,82.72000122070312,100.0,8.0,0,1,4.770019007078375,4.936526469262521,0,0,67.26802632500417,0,0
2020-06-02,88.0,100.0,4.0,0,1,5.101039092005848,4.969428993811187,1,1,73.1321769092477,0,0
2020-06-03,91.97000122070312,100.0,12.0,0,1,5.618949066839818,5.099333008416913,0,1,76.5360649708888,0,0
2020-06-04,87.72000122070312,96.0,8.0,0,1,5.621654043512123,5.203797215435955,0,1,66.7820090159901,0,0
2020-06-05,89.93000030517578,92.0,4.0,0,1,5.7360051169482205,5.3102387957384085,0,1,68.9948052502194,0,0
2020-06-08,89.62000274658203,88.0,4.0,0,1,5.735499684146262,5.395290973419979,0,1,68.30744100180843,0,0
2020-06-09,89.52999877929688,84.0,4.0,0,1,5.662562066365311,5.448745192009046,0,1,68.09532379541854,0,0
2020-06-10,91.91000366210938,80.0,4.0,0,1,5.730744526660288,5.505145058939294,0,1,70.68748410719823,0,0
2020-06-11,86.08999633789062,76.0,20.0,0,1,5.254582114684069,5.45503247008825,-1,0,58.228716161733495,0,0
2020-06-12,86.72000122070312,72.0,16.0,0,1,4.871895918007581,5.338405159672116,0,0,59.06969035700112,0,0
2020-06-15,91.0,68.0,12.0,0,1,4.857974772885768,5.242319082314847,0,0,64.32452467734925,0,0
2020-06-16,94.73999786376952,100.0,8.0,0,1,5.090053764867292,5.2118660188253365,0,0,68.17010270105551,0,0
2020-06-17,97.02999877929688,100.0,4.0,0,1,5.396553859939118,5.2488035870480925,1,1,70.2823978812211,0,0
2020-06-18,98.2699966430664,100.0,12.0,0,1,5.674107281279689,5.333864325894412,0,1,71.38956651353237,0,0
2020-06-19,97.9800033569336,96.0,8.0,0,1,5.80376810672648,5.427845082060825,0,1,70.72592985942174,0,0
2020-06-22,104.22000122070312,100.0,4.0,0,1,6.336992023411668,5.609674470330995,0,1,75.91435035227276,0,0
2020-06-23,104.75,100.0,4.0,0,1,6.724822720890572,5.83270412044291,0,1,76.29858928276269,0,0
2020-06-24,100.87999725341795,96.0,24.0,0,1,6.64332435627189,5.9948281676087065,0,1,67.7939651738237,0,0
2020-06-25,104.77999877929688,100.0,20.0,0,1,6.814876193962448,6.158837772879455,0,1,71.26948816058791,0,0
2020-06-26,104.3000030517578,96.0,16.0,0,1,6.833330240167456,6.293736266337056,0,1,70.26446532192662,0,0
2020-06-29,103.68000030517578,92.0,12.0,0,1,6.7204569206273135,6.379080397195107,0,1,68.91266586684193,0,0
2020-06-30,104.94000244140624,100.0,8.0,0,1,6.655949995437595,6.434454316843604,0,1,70.16872667220791,0,0
2020-07-01,115.9000015258789,100.0,4.0,0,1,7.403861020954139,6.628335657665712,0,1,78.35941087971575,0,0
2020-07-02,113.38999938964844,96.0,4.0,0,1,7.705228622432159,6.843714250619002,0,1,73.38969318434181,0,0
2020-07-06,118.97000122070312,100.0,4.0,0,1,8.298662318119497,7.134703864119102,0,1,76.89756172388867,0,0
2020-07-07,125.5999984741211,100.0,32.0,0,1,9.197920267228454,7.547347144740972,0,1,80.23198139259571,0,0
2020-07-08,133.35000610351562,100.0,28.000000000000004,0,1,10.415881716114768,8.121054059015732,0,1,83.27142951942692,0,0
2020-07-09,129.38999938964844,96.0,24.0,0,1,10.935527538311334,8.683948754874852,0,1,76.77561832945122,0,0
2020-07-10,128.0500030517578,92.0,20.0,0,1,11.11114176477821,9.169387356855523,0,1,74.65345095400315,0,0
2020-07-13,118.6500015258789,88.0,16.0,0,1,10.372250888694635,9.409960063223346,0,1,61.75745968412581,0,0
2020-07-14,121.23999786376952,84.0,12.0,0,1,9.881754885797704,9.50431902773822,0,1,63.622113503004975,0,0
2020-07-15,122.1999969482422,80.0,8.0,0,1,9.461431677892818,9.49574155776914,-1,0,64.31661608787635,0,0
2020-07-16,119.9499969482422,76.0,4.0,0,1,8.844808860555474,9.365555018326408,0,0,61.359849309628814,0,0
2020-07-17,120.7300033569336,72.0,4.0,0,1,8.323127006519456,9.15706941596502,0,0,62.01184159902133,0,0
2020-07-20,128.38999938964844,68.0,4.0,0,1,8.4306052715623,9.011776587084476,0,0,67.76432612158507,0,0
2020-07-21,126.98999786376952,64.0,4.0,0,1,8.307055582319904,8.87083238613156,0,0,65.80305373073153,0,0
2020-07-22,129.17999267578125,60.0,4.0,0,1,8.290290533503367,8.754724015605921,0,0,67.39287589616858,0,0
2020-07-23,122.93000030517578,56.00000000000001,8.0,0,1,7.684104388387936,8.540600090162325,0,0,58.96740263231135,0,0
2020-07-24,121.41000366210938,52.0,4.0,0,1,7.000350788769268,8.232550229883714,0,0,57.097807485258514,0,0
2020-07-27,125.75,48.0,12.0,0,1,6.731080858315508,7.932256355570073,0,0,60.90886314764769,0,0
2020-07-28,123.51000213623048,44.0,8.0,0,1,6.264717626140012,7.598748609684061,0,0,58.04298030233424,0,0
2020-07-29,128.5500030517578,40.0,4.0,0,1,6.229991889051547,7.324997265557559,0,0,62.3369690407261,0,0
2020-07-30,129.1300048828125,36.0,12.0,0,1,6.178056008749536,7.095609014195954,0,0,62.8086857150224,0,0
2020-07-31,129.85000610351562,32.0,8.0,0,1,6.124396302372432,6.901366471831251,0,0,63.421155258757295,0,0
2020-08-03,134.8000030517578,100.0,4.0,0,1,6.407433083248748,6.802579794114751,0,0,67.39640846758829,0,0
2020-08-04,136.8300018310547,100.0,4.0,0,1,6.718103591021688,6.7856845534961385,0,0,68.88960136869477,0,0
2020-08-05,146.5500030517578,100.0,8.0,0,1,7.660331538181694,6.96061395043325,1,1,74.83302533320607,0,0
2020-08-06,154.0,100.0,4.0,0,1,8.90554884264624,7.349600928875848,0,1,78.26105149474452,0,0
2020-08-07,147.22000122070312,96.0,24.0,0,1,9.238804106283991,7.727441564357477,0,1,69.04390170236721,0,0
2020-08-10,139.33999633789062,92.0,20.0,0,1,8.766011640063198,7.935155579498621,0,1,60.173597787720645,0,0
2020-08-11,138.25,88.0,16.0,0,1,8.208741348804182,7.989872733359734,0,1,59.04362132786753,0,0
2020-08-12,139.02000427246094,84.0,12.0,0,1,7.740011503041984,7.939900487296184,-1,0,59.62049037571629,0,0
2020-08-13,143.19000244140625,80.0,8.0,0,1,7.617217187183542,7.875363827273657,0,0,62.68568838210221,0,0
2020-08-14,141.9600067138672,76.0,4.0,0,1,7.336085603192373,7.767508182457401,0,0,61.20974238475592,0,0
2020-08-17,152.47999572753906,72.0,12.0,0,1,7.87142510282905,7.788291566531731,1,1,68.12291021835985,0,0
2020-08-18,151.0399932861328,68.0,8.0,0,1,8.086275796929897,7.847888412611364,0,1,66.37902486410644,0,0
2020-08-19,150.3699951171875,64.0,4.0,0,1,8.10900767430752,7.900112264950596,0,1,65.5383743689071,0,0
2020-08-20,155.86000061035156,100.0,4.0,0,1,8.472356362028904,8.014561084366258,0,1,69.00251066387828,0,0
2020-08-21,155.10000610351562,96.0,20.0,0,1,8.599853847737904,8.131619637040588,0,1,67.98371644811394,0,0
2020-08-24,151.7899932861328,92.0,16.0,0,1,8.337694401277219,8.172834589887914,0,1,63.580695443932846,0,0
2020-08-25,155.0,88.0,12.0,0,1,8.293351274799988,8.19693792687033,0,1,65.88804509880228,0,0
2020-08-26,153.74000549316406,84.0,8.0,0,1,8.06358600109104,8.170267541714471,-1,0,64.16951202414982,0,0
2020-08-27,155.61000061035156,80.0,4.0,0,1,7.940851154956903,8.12438426436296,0,0,65.6034255782132,0,0
2020-08-28,155.92999267578125,100.0,8.0,0,1,7.779723777536162,8.0554521669976,0,0,65.85523834970617,0,0
2020-08-31,159.55999755859375,100.0,4.0,0,1,7.854399597530175,8.015241653104116,0,0,68.65833046630003,0,0
2020-09-01,166.66000366210938,100.0,4.0,0,1,8.38977972005631,8.090149266494556,1,1,73.27897531388898,0,0
2020-09-02,162.8800048828125,96.0,4.0,0,1,8.412088691549599,8.154537151505565,0,1,67.56765000944516,0,0
2020-09-03,152.86000061035156,92.0,4.0,0,1,7.534386391736348,8.030506999551722,-1,0,55.27032946903526,0,0
2020-09-04,146.38999938964844,88.0,4.0,0,1,6.244740488046091,7.673353697250596,0,0,49.0611965843671,0,0
2020-09-08,139.11000061035156,84.0,4.0,0,1,4.582428376116411,7.05516863302376,0,0,43.18277087247802,0,0
2020-09-09,144.2100067138672,80.0,20.0,0,1,3.634663779573145,6.371067662333638,0,0,47.89301001411549,0,0
2020-09-10,141.07000732421875,76.0,16.0,0,1,2.600208218097805,5.616895773486472,0,0,45.39761395135477,0,0
2020-09-11,137.4499969482422,72.0,100.0,0,1,1.4713295776264204,4.787782534314462,0,0,42.63930800472175,0,0
2020-09-14,144.39999389648438,68.0,96.0,0,1,1.1245289226710042,4.05513181198577,0,0,49.04093468213746,0,0
2020-09-15,154.5,64.0,92.0,0,1,1.6457023559901245,3.573245920786641,0,0,56.61809218387799,0,0
2020-09-16,151.0500030517578,60.0,88.0,0,1,1.7600612454146471,3.210608985712242,0,0,53.68183577131219,0,0
2020-09-17,145.63999938964844,56.00000000000001,84.0,0,1,1.398033744192503,2.848093937408295,0,0,49.359000965964185,0,0
2020-09-18,145.00999450683594,52.0,80.0,0,1,1.0482051557833645,2.488116181083309,0,0,48.86551500684461,0,0
2020-09-21,151.1199951171875,48.0,76.0,0,1,1.2495850265930528,2.2404099501852577,0,0,53.70021404582496,0,0
2020-09-22,155.58999633789062,44.0,72.0,0,1,1.7497022874077857,2.1422684176297637,0,0,56.9100485026974,0,0
2020-09-23,149.58999633789062,40.0,68.0,0,1,1.6429599443149812,2.042406722966807,0,0,51.7263061304737,0,0
2020-09-24,152.30999755859375,36.0,64.0,0,1,1.7575868675397714,1.9854427518814,0,0,53.78159078193013,0,0
2020-09-25,157.72000122070312,32.0,60.0,0,1,2.25893204974983,2.040140611455086,1,1,57.64425466594915,0,0
2020-09-28,160.75999450683594,28.000000000000004,56.00000000000001,0,1,2.868487630719841,2.205810015308037,0,1,59.68325428072622,0,0
2020-09-29,164.80999755859375,24.0,52.0,0,1,3.6364475158853793,2.4919375154235057,0,1,62.28792402201856,0,0
2020-09-30,162.5500030517578,20.0,48.0,0,1,4.016400029177589,2.7968300181743224,0,1,59.96001685190127,0,0
2020-10-01,168.49000549316406,100.0,44.0,0,1,4.742159030311569,3.185895820601772,0,1,63.79045769829116,0,0
2020-10-02,169.61000061035156,100.0,40.0,0,1,5.346076273821126,3.617931911245643,0,1,64.4804379573049,0,0
2020-10-05,180.9199981689453,100.0,36.0,0,1,6.660528890660061,4.226451307128527,0,1,70.57754247574759,0,0
2020-10-06,175.33999633789062,96.0,32.0,0,1,7.169338870143065,4.815028819731435,0,1,64.67861243548492,0,0
2020-10-07,180.17999267578125,92.0,28.000000000000004,0,1,7.872373873955553,5.426497830576259,0,1,67.23655970025922,0,0
2020-10-08,183.5,100.0,24.0,0,1,8.598315001108688,6.060861264682745,0,1,68.90031158579706,0,0
2020-10-09,187.27999877929688,100.0,20.0,0,1,9.37062416288353,6.722813844322903,0,1,70.7231995449069,0,0
2020-10-12,185.1699981689453,96.0,16.0,0,1,9.70060281173457,7.318371637805237,0,1,68.31605418141123,0,0
2020-10-13,190.47000122070312,100.0,12.0,0,1,10.271377178219808,7.908972745888152,0,1,70.98726018816785,0,0
2020-10-14,187.4900054931641,96.0,8.0,0,1,10.363791883916292,8.39993657349378,0,1,67.53940092704872,0,0
2020-10-15,188.6000061035156,92.0,4.0,0,1,10.406637734687564,8.801276805732538,0,1,68.15975239089194,0,0
2020-10-16,186.3500061035156,88.0,4.0,0,1,10.142125079483408,9.069446460482713,0,1,65.43012712917675,0,0
2020-10-19,186.9600067138672,84.0,16.0,0,1,9.867967064072474,9.229150581200663,0,1,65.82966385894566,0,0
2020-10-20,185.7400054931641,80.0,12.0,0,1,9.44339339833465,9.271999144627465,0,1,64.23078041346213,0,0
2020-10-21,177.82000732421875,76.0,8.0,0,1,8.371338468415246,9.09186700938502,-1,0,54.907360683837005,0,0
2020-10-22,175.92999267578125,72.0,4.0,0,1,7.285239124376062,8.730541432383228,0,0,52.93275094444447,0,0
2020-10-23,176.77000427246094,68.0,12.0,0,1,6.418293393888206,8.268091824684223,0,0,53.72920812744751,0,0
2020-10-26,169.88999938964844,64.0,8.0,0,1,5.117087165459509,7.637890892839281,0,0,46.75129706045082,0,0
2020-10-27,171.02000427246094,60.0,4.0,0,1,4.1294520521803975,6.9362031247075056,0,0,47.94703691233443,0,0
2020-10-28,167.1300048828125,56.00000000000001,4.0,0,1,2.998291233745533,6.148620746515111,0,0,44.2622290444001,0,0
2020-10-29,169.86000061035156,52.0,4.0,0,1,2.2956630011715333,5.378029197446397,0,0,47.32193709209324,0,0
2020-10-30,154.8800048828125,48.0,100.0,0,1,0.524023980277974,4.407228154012712,0,0,35.73117290538019,0,0
2020-11-02,155.22999572753906,44.0,96.0,0,1,-0.8420645753188296,3.357369608146404,0,0,36.12482389239886,0,0
2020-11-03,158.2100067138672,40.0,92.0,0,1,-1.6650440250928114,2.3528868814985606,0,0,39.52152747321142,0,0
2020-11-04,171.2899932861328,36.0,88.0,0,1,-1.2474359013436072,1.632822324930127,0,0,51.66988318203404,0,0
2020-11-05,175.22999572753906,32.0,84.0,0,1,-0.5917320665978423,1.1879114466245333,0,0,54.62648593926118,0,0
2020-11-06,198.0800018310547,100.0,80.0,0,1,1.751531904114188,1.300635538122464,1,1,67.17002732010724,0,0
2020-11-09,184.0800018310547,96.0,76.0,0,1,2.450652885109463,1.530639007519864,0,1,56.80782007251385,0,0
2020-11-10,172.0,92.0,72.0,0,1,2.006822705518971,1.6258757471196854,0,1,49.68537700457757,0,0
2020-11-11,183.4199981689453,88.0,68.0,0,1,2.547219738342364,1.810144545364221,0,1,55.38080435933684,0,0
2020-11-12,178.50999450683594,84.0,64.0,0,1,2.549898378040382,1.9580953118994533,0,1,52.62273022218353,0,0
2020-11-13,177.19000244140625,80.0,60.0,0,1,2.417639844059636,2.05000421833149,0,1,51.874772467140765,0,0
2020-11-16,179.16000366210938,76.0,56.00000000000001,0,1,2.44361812884236,2.1287270004336643,0,1,52.949619569341806,0,0
2020-11-17,187.8999938964844,72.0,52.0,0,1,3.1333311840058684,2.329647837148105,0,1,57.4862409608325,0,0
2020-11-18,185.5399932861328,68.0,48.0,0,1,3.44973502544201,2.553665274806886,0,1,55.91837198339567,0,0
2020-11-19,191.66000366210935,64.0,44.0,0,1,4.14652250926116,2.872236721697741,0,1,59.0383265758413,0,0
2020-11-20,195.97000122070312,60.0,40.0,0,1,4.989002280354754,3.295589833429144,0,1,61.12507348130177,0,0
2020-11-23,207.77999877929688,100.0,36.0,0,1,6.534318119585322,3.94333549066038,0,1,66.2054532769337,0,0
2020-11-24,202.8999938964844,96.0,32.0,0,1,7.281282354888248,4.610924863505954,0,1,62.56691876244325,0,0
2020-11-25,212.9199981689453,100.0,28.000000000000004,0,1,8.582849747816027,5.405309840367969,0,1,66.62304765973838,0,0
2020-11-27,212.5200042724609,96.0,24.0,0,1,9.472877682181604,6.218823408730696,0,1,66.31413732618587,0,0
2020-11-30,210.9600067138672,92.0,20.0,0,1,9.93779574366647,6.962617875717851,0,1,65.04738125211705,0,0
2020-12-01,203.0,88.0,16.0,0,1,9.553810262029373,7.4808563529801555,0,1,58.868059746766434,0,0
2020-12-02,202.0,84.0,12.0,0,1,9.06431952556693,7.797548987497511,0,1,58.12106798853305,0,0
2020-12-03,205.52999877929688,80.0,8.0,0,1,8.85911364291988,8.009861918581985,0,1,60.048285563750106,0,0
2020-12-04,208.1499938964844,76.0,4.0,0,1,8.806383702696593,8.169166275404907,0,1,61.465688611649554,0,0
2020-12-07,212.5800018310547,72.0,4.0,0,1,9.018104368781394,8.338953894080204,0,1,63.80402468926504,0,0
2020-12-08,213.00999450683597,100.0,4.0,0,1,9.115513373397022,8.494265789943569,0,1,64.03217169935246,0,0
2020-12-09,207.0399932861328,96.0,4.0,0,1,8.611711061704767,8.517754844295808,0,1,58.51728364074558,0,0
2020-12-10,217.25,100.0,16.0,0,1,8.933328463488522,8.600869568134351,0,1,64.19663352726552,0,0
2020-12-11,216.58999633789065,96.0,12.0,0,1,9.03085373157262,8.686866400822005,0,1,63.5905547833729,0,0
2020-12-14,215.8600006103516,92.0,8.0,0,1,8.946113427942237,8.738715806246052,0,1,62.883404851596936,0,0
2020-12-15,219.9900054931641,100.0,4.0,0,1,9.107230520559398,8.812418749108721,0,1,65.23862123593337,0,0
2020-12-16,227.0800018310547,100.0,12.0,0,1,9.695259511580502,8.988986901603077,0,1,68.88838961807453,0,0
2020-12-17,230.7400054931641,100.0,8.0,0,1,10.337444802245898,9.258678481731645,0,1,70.60421678251649,0,0
2020-12-18,235.4499969482422,100.0,4.0,0,1,11.098501601294856,9.626643105644286,0,1,72.69145890145114,0,0
2020-12-21,233.5,96.0,4.0,0,1,11.412737210361826,9.983861926587794,0,1,70.46079654571218,0,0
2020-12-22,241.5800018310547,100.0,8.0,0,1,12.173432067688026,10.421775954807842,0,1,74.01855144097247,0,0
2020-12-23,230.67999267578125,96.0,4.0,0,1,11.76117309659486,10.689655383165244,0,1,62.99582348270598,0,0
2020-12-24,228.27999877929688,92.0,4.0,0,1,11.112695209020616,10.77426334833632,0,1,60.84721555135353,0,0
2020-12-28,223.33999633789065,88.0,4.0,0,1,10.083913817914125,10.63619344225188,-1,0,56.570254829031725,0,0
2020-12-29,214.0,84.0,28.000000000000004,0,1,8.417901181769167,10.192534990155336,0,0,49.48761292873615,0,0
2020-12-30,221.0399932861328,80.0,24.0,0,1,7.578285034603311,9.669684999044932,0,0,54.14754869169135,0,0
2020-12-31,217.63999938964844,76.0,20.0,0,1,6.562879308932111,9.048323861022368,0,0,51.66842695642677,0,0
2021-01-04,221.16000366210935,72.0,16.0,0,1,5.973340926691662,8.433327274156227,0,0,54.01577588886455,0,0
2021-01-05,229.75,68.0,12.0,0,1,6.128621492612012,7.972386117847384,0,0,59.220769700585215,0,0
2021-01-06,226.88999938964844,64.0,8.0,0,1,5.952290018446234,7.568366897967155,0,0,56.91101675514008,0,0
2021-01-07,239.47999572753903,60.0,4.0,0,1,6.750636405886553,7.404820799551035,0,0,63.63490347306809,0,0
2021-01-08,241.4499969482422,56.00000000000001,4.0,0,1,7.456342232388664,7.415125086118561,1,1,64.56663776668984,0,0
2021-01-11,225.5,52.0,16.0,0,1,6.651908667738354,7.26248180244252,-1,0,52.77632615926135,0,0
2021-01-12,227.5200042724609,48.0,12.0,0,1,6.1069891653996535,7.031383275033947,0,0,53.92387048305889,0,0
2021-01-13,230.9199981689453,44.0,8.0,0,1,5.881687197584341,6.801444059544026,0,0,55.86777982726807,0,0
2021-01-14,232.7899932861328,40.0,4.0,0,1,5.7873141871617975,6.598618085067581,0,0,56.94370892269728,0,0
2021-01-15,227.75,36.0,52.0,0,1,5.245372173980712,6.327968902850207,0,0,53.18053131013265,0,0
2021-01-19,227.25999450683597,32.0,48.0,0,1,4.721908652244792,6.006756852729124,0,0,52.81508580083538,0,0
2021-01-20,226.6499938964844,28.000000000000004,44.0,0,1,4.209315717269845,5.647268625637269,0,0,52.33296122307658,0,0
2021-01-21,219.6199951171875,24.0,40.0,0,1,3.198944532633078,5.157603807036431,0,0,47.00727008717598,0,0
2021-01-22,222.8800048828125,20.0,36.0,0,1,2.630945727880544,4.652272191205253,0,0,49.57019728678469,0,0
2021-01-25,216.63999938964844,16.0,32.0,0,1,1.65817191583767,4.053452136131737,0,0,45.07633904450877,0,0
2021-01-26,209.1699981689453,12.0,100.0,-1,0,0.2812331119777411,3.299008331300938,0,0,40.35936555014873,0,0
2021-01-27,202.4600067138672,8.0,100.0,0,0,-1.3360400055481705,2.3719986639311164,0,0,36.6494173069562,0,0
2021-01-28,219.91000366210935,4.0,96.0,0,0,-1.1958862526895755,1.658421680606978,0,0,49.61953135785897,0,0
2021-01-29,215.9600067138672,44.0,92.0,0,0,-1.3875503196523198,1.0492272805551186,0,0,47.26079039193631,0,0
2021-02-01,221.94000244140625,40.0,88.0,0,0,-1.0448652392108784,0.6304087766019193,0,0,51.05421686162735,0,0
2021-02-02,227.6300048828125,36.0,84.0,0,0,-0.3105691524939971,0.4422131907827361,0,0,54.41410487863555,0,0
2021-02-03,227.94000244140625,32.0,80.0,0,0,0.293002448924085,0.4123710424110059,0,0,54.5969674768791,0,0
2021-02-04,237.72000122070312,28.000000000000004,76.0,0,0,1.5427179657747558,0.6384404270837559,1,1,60.04269379410772,0,0
2021-02-05,240.3800048828125,24.0,72.0,0,0,2.716453002270214,1.0540429421210475,0,1,61.398818613422414,0,0
2021-02-08,259.9700012207031,100.0,68.0,0,0,5.167824000811805,1.8767991538591997,0,1,69.58569395976552,0,0
2021-02-09,258.1199951171875,96.0,64.0,0,0,6.881942398809684,2.8778278028492963,0,1,68.11645277125322,0,0
2021-02-10,257.489990234375,92.0,60.0,0,0,8.096229159879272,3.921508074255292,0,1,67.59305646334218,0,0
2021-02-11,265.92999267578125,100.0,56.00000000000001,0,0,9.628605259634211,5.062927511331076,0,1,70.82707125946378,0,0
2021-02-12,272.75,100.0,52.0,0,0,11.26350329801656,6.303042668668173,0,1,73.15808275534569,0,0
2021-02-16,276.0199890136719,100.0,48.0,0,0,12.67690113205046,7.577814361344631,0,1,74.22165160477672,0,0
2021-02-17,270.94000244140625,96.0,44.0,0,0,13.234556903582302,8.709162869792166,0,1,69.6073285541335,0,0
2021-02-18,270.8500061035156,92.0,40.0,0,0,13.513466339753222,9.670023563784378,0,1,69.52486453641589,0,0
2021-02-19,276.57000732421875,100.0,36.0,0,0,14.034281906042878,10.542875232236078,0,1,71.81072344858173,0,0
2021-02-22,268.0799865722656,96.0,32.0,0,0,13.605126840660546,11.15532555392097,0,1,64.12272858220044,0,0
2021-02-23,256.5899963378906,92.0,28.000000000000004,1,1,12.197269641500212,11.36371437143682,0,1,55.467854712241824,0,0
2021-02-24,237.32000732421875,88.0,24.0,0,1,9.418040294725586,10.974579556094575,-1,0,44.59625145335619,0,0
2021-02-25,227.1100006103516,84.0,20.0,0,1,6.318779840223556,10.04341961292037,0,0,40.11045969058301,0,0
2021-02-26,230.02999877929688,80.0,16.0,0,1,4.051509767236411,8.845037643783579,0,0,41.91008756048922,0,0
2021-03-01,241.0,76.0,12.0,0,1,3.10408733145087,7.696847581317038,0,0,48.20679217808021,0,0
2021-03-02,252.1999969482422,72.0,8.0,0,1,3.219877631690053,6.801453591391642,0,0,53.72224067861916,0,0
2021-03-03,234.1999969482422,68.0,4.0,0,1,1.8380053298069183,5.808763939074697,0,0,45.36166317062805,0,0
2021-03-04,218.41000366210935,64.0,8.0,0,1,-0.5252046882808656,4.541970213603585,0,0,39.54740543795442,0,0
2021-03-05,216.44000244140625,60.0,4.0,0,1,-2.527888364636169,3.127998497955634,0,0,38.87786479035514,0,0
2021-03-08,201.8699951171875,56.00000000000001,100.0,0,1,-5.230414468958884,1.4563159045727303,0,0,34.25828448253715,0,0
2021-03-09,225.08999633789065,52.0,96.0,0,1,-5.4358645733270805,0.0778798089927683,0,0,45.394202437696414,0,0
2021-03-10,226.72999572753903,48.0,92.0,0,1,-5.404056418050118,-1.0185074364158089,0,0,46.08879505042148,0,0
2021-03-11,241.72000122070312,44.0,88.0,0,1,-4.121766896164189,-1.639159328365485,0,0,52.08781334461968,0,0
2021-03-12,242.1100006103516,40.0,84.0,0,1,-3.039041343419342,-1.9191357313762565,0,0,52.23672957097785,0,0
2021-03-15,251.22999572753903,36.0,80.0,0,1,-1.428598164901473,-1.8210282180813,1,1,55.70391253613921,0,0
2021-03-16,243.3600006103516,32.0,76.0,0,1,-0.7783804911956338,-1.6124986727041668,0,1,52.1835995515499,0,0
2021-03-17,246.47000122070312,28.000000000000004,72.0,-1,0,-0.0119890401308282,-1.2923967461894992,0,1,53.435925129481454,0,0
2021-03-18,224.3000030517578,24.0,68.0,0,0,-1.1799501328007125,-1.2699074235117418,0,1,44.49055935995483,0,0
2021-03-19,224.83999633789065,20.0,64.0,0,0,-2.0384962522915657,-1.4236251892677068,-1,0,44.73324057310328,0,0
2021-03-22,226.1300048828125,16.0,60.0,0,0,-2.5850089548357857,-1.6559019423813226,0,0,45.34794272197093,0,0
2021-03-23,223.1999969482422,12.0,56.00000000000001,0,0,-3.217462457822336,-1.9682140454695247,0,0,44.14689089850852,0,0
2021-03-24,213.50999450683597,8.0,52.0,0,0,-4.449299870498635,-2.464431210475347,0,0,40.34152643779445,0,0
2021-03-25,208.47000122070312,4.0,48.0,0,0,-5.765761126953635,-3.124697193771005,0,0,38.48346096852541,0,0
2021-03-26,213.6000061035156,4.0,44.0,0,0,-6.32223880301791,-3.764205515620386,0,0,41.439991190229975,0,0
2021-03-29,207.17999267578125,4.0,40.0,0,0,-7.198315104106712,-4.451027433317652,0,0,38.919089323502256,0,0
2021-03-30,212.8300018310547,20.0,36.0,0,0,-7.351954608480895,-5.0312128683503,0,0,42.24871807335232,0,0
2021-03-31,227.0500030517578,16.0,32.0,0,0,-6.25418540930508,-5.275807376541256,0,0,49.683017717411154,0,0
2021-04-01,229.50999450683597,12.0,28.000000000000004,0,0,-5.126598423114899,-5.245965585855985,1,1,50.86148918383657,0,0
2021-04-05,229.9499969482422,8.0,24.0,0,0,-4.149638641764085,-5.026700197037605,0,1,51.08217670667535,0,0
2021-04-06,236.5,4.0,20.0,0,0,-2.814417616442853,-4.584243680918655,0,1,54.36766257733201,0,0
2021-04-07,245.1199951171875,36.0,16.0,0,0,-1.048596204162635,-3.877114185567451,0,1,58.33379013499572,0,0
2021-04-08,258.3699951171875,100.0,12.0,1,1,1.4038119815744494,-2.820928952139071,0,1,63.5745306908697,0,0
2021-04-09,261.6499938964844,100.0,8.0,0,1,3.570868873231717,-1.5425693870649135,0,1,64.75629984027168,0,0
2021-04-12,265.20001220703125,100.0,4.0,0,1,5.511204150747801,-0.1318146795023707,0,1,66.04049331709079,0,0
2021-04-13,273.2300109863281,100.0,60.0,0,1,7.609173810389535,1.416383018476011,0,1,68.80901319613261,0,0
2021-04-14,258.3999938964844,96.0,56.00000000000001,0,1,7.983146695415996,2.729735753864008,0,1,59.20875224548434,0,0
2021-04-15,263.0799865722656,92.0,52.0,0,1,8.558502112858974,3.8954890256630015,0,1,61.05535574712706,0,0
2021-04-16,256.1000061035156,88.0,48.0,0,1,8.354938802945526,4.787378981119506,0,1,56.91687064523587,0,0
2021-04-19,245.3300018310547,84.0,44.0,0,1,7.241093261444433,5.278121837184491,0,1,51.1551363324414,0,0
2021-04-20,245.5,80.0,40.0,0,1,6.299463779313072,5.482390225610208,0,1,51.2390431953916,0,0
2021-04-21,245.25,76.0,36.0,0,1,5.469988102095471,5.4799098009072615,-1,0,51.10002228745691,0,0
2021-04-22,245.1100006103516,72.0,32.0,0,1,4.746609906786716,5.333249822083153,0,0,51.01654641215603,0,0
2021-04-23,246.42999267578125,68.0,28.000000000000004,0,1,4.2310667002197135,5.112813197710466,0,0,51.81578155682658,0,0
2021-04-26,255.7700042724609,64.0,24.0,0,1,4.524005948368483,4.995051747842069,0,0,57.14416980417195,0,0
2021-04-27,253.7899932861328,60.0,20.0,0,1,4.544011537628478,4.904843705799351,0,0,55.737022144875695,0,0
2021-04-28,254.1999969482422,56.00000000000001,16.0,0,1,4.540608669922023,4.831996698623885,0,0,55.97875455914132,0,0
2021-04-29,247.75999450683597,52.0,12.0,0,1,3.9724653888441424,4.660090436667937,0,0,51.24477047984144,0,0
2021-04-30,244.82000732421875,48.0,8.0,0,1,3.247539733672994,4.377580296068948,0,0,49.19923959976022,0,0
2021-05-03,243.67999267578125,44.0,4.0,0,1,2.5516276987356434,4.012389776602287,0,0,48.39258979954717,0,0
2021-05-04,231.19000244140625,40.0,4.0,0,1,0.9809665962706616,3.4061051405359626,0,0,40.5485722393413,0,0
2021-05-05,231.8699951171875,36.0,4.0,0,1,-0.2065430180913665,2.6835755088104967,0,0,41.108253729877816,0,0
2021-05-06,223.9600067138672,32.0,100.0,0,1,-1.7655705029066553,1.7937463064670665,0,0,36.77166492115256,0,0
2021-05-07,233.3500061035156,28.000000000000004,96.0,-1,0,-2.217850541090172,0.9914269369556188,0,0,44.2855029844679,0,0
2021-05-10,216.42999267578125,24.0,100.0,0,0,-3.896671009217471,0.0138073477210008,0,0,35.98675471216909,0,0
2021-05-11,220.6499938964844,20.0,96.0,0,0,-4.830941409554924,-0.9551424037341842,0,0,39.05429766359944,0,0
2021-05-12,206.6699981689453,16.0,100.0,0,0,-6.623079514471385,-2.0887298258816247,0,0,33.35231450705788,0,0
2021-05-13,197.1300048828125,12.0,100.0,0,0,-8.712724736140501,-3.4135288079334,0,0,30.12050966008816,0,0
2021-05-14,207.8500061035156,8.0,96.0,0,0,-9.39546406045605,-4.6099158584379305,0,0,37.45459574853764,0,0
2021-05-17,202.9199981689453,4.0,92.0,0,0,-10.216579958213655,-5.731248678393076,0,0,35.60391504179529,0,0
2021-05-18,203.16000366210935,8.0,88.0,0,0,-10.724330380555216,-6.729865018825504,0,0,35.770302469299736,0,0
2021-05-19,200.1100006103516,4.0,84.0,0,0,-11.243231036027936,-7.632538222265991,0,0,34.54862765969959,0,0
2021-05-20,204.91000366210935,4.0,80.0,0,0,-11.138742918254875,-8.333779161463768,0,0,38.12991869983605,0,0
2021-05-21,200.00999450683597,24.0,76.0,0,0,-11.320825688303472,-8.93118846683171,0,0,35.9664129821371,0,0
2021-05-24,210.9499969482422,20.0,72.0,0,0,-10.461764123205969,-9.23730359810656,0,0,43.653539347090486,0,0
2021-05-25,216.1999969482422,16.0,68.0,0,0,-9.250684388463412,-9.23997975617793,0,0,46.94514564140234,0,0
2021-05-26,222.33999633789065,12.0,64.0,0,0,-7.706611318610925,-8.93330606866453,1,1,50.581174880141255,0,0
2021-05-27,220.8999938964844,8.0,60.0,0,0,-6.523914819680755,-8.451427818867776,0,1,49.72054249845834,0,0
2021-05-28,222.5200042724609,4.0,56.00000000000001,0,0,-5.39372254899169,-7.839886764892559,0,1,50.73608234082969,0,0
2021-06-01,221.9499969482422,8.0,52.0,0,0,-4.492248020338309,-7.17035901598171,0,1,50.35072869957465,0,0
2021-06-02,220.41000366210935,4.0,48.0,0,0,-3.8576193153544978,-6.507811075856267,0,1,49.26210305506156,0,0
2021-06-03,211.42999267578125,4.0,44.0,0,0,-4.0327957725773445,-6.012808015200483,0,1,43.37316914692183,0,0
2021-06-04,213.69000244140625,4.0,40.0,0,0,-3.94379881875534,-5.599006175911455,0,1,45.15028697057088,0,0
2021-06-07,216.9499969482422,4.0,36.0,0,0,-3.569071742494714,-5.193019289228107,0,1,47.69997529786321,0,0
2021-06-08,214.1199951171875,16.0,32.0,0,0,-3.460564102403197,-4.846528251863125,0,1,45.71337474733124,0,0
2021-06-09,210.2100067138672,12.0,28.000000000000004,0,0,-3.648022272939357,-4.606827056078371,0,1,43.04591556232166,0,0
2021-06-10,217.13999938964844,8.0,24.0,0,0,-3.200498378021422,-4.325561320466981,0,1,48.75359877903952,0,0
2021-06-11,219.33999633789065,4.0,20.0,0,0,-2.637902995784117,-3.9880296555304087,0,1,50.45122431925931,0,0
2021-06-14,230.9499969482422,100.0,16.0,1,1,-1.240907670461496,-3.4386052585166262,0,1,58.30163538570723,0,0
2021-06-15,227.75,96.0,12.0,0,1,-0.3875246773139906,-2.8283891422760994,0,1,55.68294777618012,0,0
2021-06-16,225.1100006103516,92.0,8.0,0,1,0.0748982255768169,-2.247731668705516,0,1,53.54611816170726,0,0
2021-06-17,236.1300048828125,100.0,4.0,0,1,1.3154304905955314,-1.5350992368453067,0,1,60.38076906286707,0,0
2021-06-18,237.0500030517578,100.0,24.0,0,1,2.345756985319809,-0.7589279924122835,0,1,60.89799845685567,0,0
2021-06-21,233.88999938964844,96.0,20.0,0,1,2.8741805054589804,-0.0323062928380307,0,1,58.09266948604069,0,0
2021-06-22,235.97000122070312,92.0,16.0,0,1,3.421359415105627,0.6584268487507008,0,1,59.417854737181706,0,0
2021-06-23,238.6999969482422,100.0,12.0,0,1,4.028848426112688,1.3325111642230985,0,1,61.15411394457433,0,0
2021-06-24,244.1499938964844,100.0,8.0,0,1,4.89364614370038,2.044738160118555,0,1,64.42622813594855,0,0
2021-06-25,239.94000244140625,96.0,4.0,0,1,5.179586391619552,2.6717078064187545,0,1,60.207299255472726,0,0
2021-06-28,246.6000061035156,100.0,48.0,0,1,5.875869369255867,3.3125401189861767,0,1,64.20110598885978,0,0
2021-06-29,248.8699951171875,100.0,44.0,0,1,6.535510491067214,3.9571341934023847,0,1,65.47307209137847,0,0
2021-06-30,243.8000030517578,96.0,40.0,0,1,6.573400772268968,4.480387509175702,0,1,60.3181495317248,0,0
2021-07-01,241.8500061035156,92.0,36.0,0,1,6.3726210277978055,4.858834212900123,0,1,58.41320728117896,0,0
2021-07-02,241.0800018310547,88.0,32.0,0,1,6.081267656089352,5.10332090153797,0,1,57.63911102798673,0,0
2021-07-06,246.6999969482422,84.0,28.000000000000004,0,1,6.23201584821777,5.32905989087393,0,1,61.63527657443611,0,0
2021-07-07,244.63999938964844,80.0,24.0,0,1,6.114772992952311,5.486202511289607,0,1,59.42246457972975,0,0
2021-07-08,235.8999938964844,76.0,20.0,0,1,5.25602361694547,5.44016673242078,-1,0,51.04855438325905,0,0
2021-07-09,241.88999938964844,72.0,16.0,0,1,5.001151767768619,5.3523637394903485,0,0,55.66035043811599,0,0
2021-07-12,243.3500061035156,68.0,12.0,0,1,4.860940435556586,5.2540790787035965,0,0,56.73039007994255,0,0
2021-07-13,241.42999267578125,64.0,8.0,0,1,4.542529455279947,5.111769154018867,0,0,54.85555813148536,0,0
2021-07-14,239.0,60.0,4.0,0,1,4.047449876023364,4.898905298419766,0,0,52.49117291631271,0,0
2021-07-15,235.16000366210935,56.00000000000001,4.0,0,1,3.307117735679753,4.580547785871764,0,0,48.90399848697754,0,0
2021-07-16,237.5200042724609,52.0,4.0,0,1,2.877659637539125,4.239970156205237,0,0,51.11509150389082,0,0
2021-07-19,233.69000244140625,48.0,12.0,0,1,2.202868564011027,3.832549837766395,0,0,47.52109164843864,0,0
2021-07-20,246.47000122070312,44.0,8.0,0,1,2.668569265845917,3.5997537233823,0,0,58.10619754815303,0,0
2021-07-21,257.25,100.0,4.0,0,1,3.862966364881572,3.652396251682154,1,1,64.59352334916375,0,0
2021-07-22,260.5899963378906,100.0,88.0,0,1,5.021163613417826,3.9261497240292886,0,1,66.33305220234666,0,0
2021-07-23,264.0,100.0,84.0,0,1,6.143384956531406,4.3695967705297125,0,1,68.0584847182078,0,0
2021-07-26,261.989990234375,96.0,80.0,0,1,6.792265458219731,4.854130508067716,0,1,65.91411022950876,0,0
2021-07-27,251.72999572753903,92.0,76.0,0,1,6.40478178283513,5.1642607630212,0,1,56.18310439549999,0,0
2021-07-28,258.6099853515625,88.0,72.0,0,1,6.577039821611635,5.446816574739287,0,1,60.40445129691376,0,0
2021-07-29,255.27999877929688,84.0,68.0,0,1,6.371407848260219,5.631734829443474,0,1,57.51617448814756,0,0
2021-07-30,247.25999450683597,80.0,64.0,0,1,5.497919119788463,5.604971687512473,-1,0,51.1701289832644,0,0
2021-08-02,272.3800048828125,100.0,60.0,0,1,6.754782976536205,5.83493394531722,1,1,64.41416266955721,0,0
2021-08-03,269.489990234375,96.0,56.00000000000001,0,1,7.431985308568244,6.154344217967425,0,1,62.31992235243788,0,0
2021-08-04,266.4200134277344,92.0,52.0,0,1,7.632963512239485,6.450068076821837,0,1,60.085156230952656,0,0
2021-08-05,281.8099975585937,100.0,48.0,0,1,8.931130770429434,6.9462806155433565,0,1,66.55912461053536,0,0
2021-08-06,275.1000061035156,96.0,44.0,0,1,9.31116413845885,7.419257320126455,0,1,61.84895057891691,0,0
2021-08-09,279.7300109863281,92.0,40.0,0,1,9.87214606544751,7.909835069190667,0,1,63.754947733414326,0,0
2021-08-10,273.0799865722656,88.0,36.0,0,1,9.668672453100896,8.261602545972714,0,1,59.181651694426414,0,0
2021-08-11,271.0899963378906,84.0,32.0,0,1,9.240325844068876,8.457347205591947,0,1,57.84447230687943,0,0
2021-08-12,268.5899963378906,80.0,28.000000000000004,0,1,8.599993590906308,8.48587648265482,0,1,56.12869360450799,0,0
2021-08-13,267.8800048828125,76.0,24.0,0,1,7.943665657215376,8.377434317566932,-1,0,55.6240787428693,0,0
