Date,Close,bollinger_upper_band,bollinger_lower_band,bollinger_signal,bb_position
2019-09-01,0.2580539882183075,,,0.0,1
2019-09-02,0.2608200013637543,,,0.0,1
2019-09-03,0.263139009475708,,,0.0,1
2019-09-04,0.25990501046180725,,,0.0,1
2019-09-05,0.2563459873199463,,,0.0,1
2019-09-06,0.2523399889469147,,,0.0,1
2019-09-07,0.260686993598938,,,0.0,1
2019-09-08,0.2630839943885803,,,0.0,1
2019-09-09,0.2595619857311249,,,0.0,1
2019-09-10,0.25867098569869995,,,0.0,1
2019-09-11,0.2559559941291809,,,0.0,1
2019-09-12,0.25481098890304565,,,0.0,1
2019-09-13,0.2555510103702545,,,0.0,1
2019-09-14,0.2611669898033142,,,0.0,1
2019-09-15,0.26162800192832947,,,0.0,1
2019-09-16,0.2609519958496094,,,0.0,1
2019-09-17,0.28501299023628235,,,0.0,1
2019-09-18,0.3137759864330292,,,0.0,1
2019-09-19,0.3024410009384155,,,0.0,1
2019-09-20,0.29447001218795776,0.28426322761211875,0.24957406398620127,-1.0,0
2019-09-21,0.2894429862499237,0.2863992156602971,0.2505769757411846,-1.0,0
2019-09-22,0.27893099188804626,0.2873544360855188,0.251432854368392,0.0,0
2019-09-23,0.2686749994754791,0.28757233198574184,0.2517685574681461,0.0,0
2019-09-24,0.23522600531578064,0.28783491656542987,0.2490380723738554,1.0,1
2019-09-25,0.24644100666046143,0.28778589539188165,0.24809659548145518,1.0,1
2019-09-26,0.24378399550914764,0.28779943493266347,0.24722745659689657,1.0,1
2019-09-27,0.2440209984779358,0.28759389448916384,0.245766397528296,1.0,1
2019-09-28,0.24257099628448486,0.2872459079853289,0.2440630842217214,1.0,1
2019-09-29,0.2413879930973053,0.28697998311626055,0.24251160982740777,1.0,1
2019-09-30,0.2559329867362976,0.2868908334099408,0.2423269596374873,0.0,1
2019-10-01,0.2495650053024292,0.2867470420746496,0.24183165209010338,0.0,1
2019-10-02,0.25353899598121643,0.28671347871086444,0.24173801616170557,0.0,1
2019-10-03,0.24785999953746796,0.2865497533140564,0.24113264047523497,0.0,1
2019-10-04,0.2539350092411041,0.28629032739585386,0.2406688683372165,0.0,1
2019-10-05,0.2534570097923279,0.28598960412966334,0.24015249238980685,0.0,1
2019-10-06,0.2577050030231476,0.285854539624826,0.23996285761199812,0.0,1
2019-10-07,0.27568501234054565,0.28500683255510806,0.23987776689214235,0.0,1
2019-10-08,0.27845901250839233,0.2801876191667047,0.241165282888082,0.0,1
2019-10-09,0.28162699937820435,0.27726648767896817,0.24200501421979742,-1.0,0
2019-10-10,0.27207300066947937,0.27444699012580004,0.2425848106211176,0.0,0
2019-10-11,0.2710990011692047,0.27212131051348853,0.24307609172535727,0.0,0
2019-10-12,0.27319100499153137,0.27144196684225647,0.24318143670693787,-1.0,0
2019-10-13,0.2777650058269501,0.2724177784902199,0.2431146256941215,-1.0,0
2019-10-14,0.29652300477027893,0.27686533819775017,0.24479676593204114,-1.0,0
2019-10-15,0.28870201110839844,0.2797483712161442,0.24613983335844075,-1.0,0
2019-10-16,0.28464001417160034,0.28182268563095314,0.2481511208098771,-1.0,0
2019-10-17,0.30231499671936035,0.28592108923587095,0.2498821170291017,-1.0,0
2019-10-18,0.2950049936771393,0.28847766567496075,0.2525689403292774,-1.0,0
2019-10-19,0.2930220067501068,0.2903476153131242,0.2558623920563941,-1.0,0
2019-10-20,0.2941789925098419,0.2923756668155424,0.25765894113133037,-1.0,0
2019-10-21,0.29297900199890137,0.29389839575847704,0.2604776118580429,0.0,0
2019-10-22,0.29160699248313904,0.2951204559230136,0.2630623513436986,0.0,0
2019-10-23,0.2741430103778839,0.2947256283994112,0.2660854799513426,0.0,0
2019-10-24,0.27849099040031433,0.2945481590668963,0.26871854739977846,0.0,0
2019-10-25,0.2981649935245514,0.2954502726255773,0.27228723221431983,-1.0,0
2019-10-26,0.2936989963054657,0.2956574305627998,0.2756794736053292,0.0,0
2019-10-27,0.29809999465942383,0.296856257268918,0.2767221451310988,-1.0,0
2019-10-28,0.2960070073604584,0.2977341257013912,0.2775990761838322,0.0,0
2019-10-29,0.3019559979438782,0.29912787510179406,0.27823822663999676,-1.0,0
2019-10-30,0.2965550124645233,0.2997182576208121,0.2800960453004831,0.0,0
2019-10-31,0.29635798931121826,0.3000103921380309,0.2823298095974656,0.0,0
2019-11-01,0.2926419973373413,0.2999051303541691,0.28438017061590837,0.0,0
2019-11-02,0.2962630093097687,0.30009388332896053,0.2860412179893988,0.0,0
2019-11-03,0.2912609875202179,0.2997929995706634,0.28581590002268986,0.0,0
2019-11-04,0.29993700981140137,0.3004584077626836,0.2862739917009699,0.0,0
2019-11-05,0.3012549877166748,0.30118555821906967,0.28720833859909134,-1.0,0
2019-11-06,0.3100860118865967,0.3022340727201668,0.28693692561471784,-1.0,0
2019-11-07,0.2924309968948364,0.3021195853472512,0.2867940133094032,0.0,0
2019-11-08,0.2769530117511749,0.3022589194443829,0.28504777971237827,1.0,1
2019-11-09,0.28019601106643677,0.30206783486268163,0.28384056614973907,1.0,1
2019-11-10,0.28020399808883667,0.30186453487088316,0.28276636575053105,1.0,1
2019-11-11,0.275085985660553,0.30178814966151496,0.2811906502776406,1.0,1
2019-11-12,0.27241799235343933,0.30186081619112193,0.2809454819455892,1.0,1
2019-11-13,0.27303600311279297,0.3020053675711555,0.28025543183680346,1.0,1
2019-11-14,0.27039098739624023,0.301415109439101,0.2780682893560269,1.0,1
2019-11-15,0.26165398955345154,0.30134035943634946,0.27493853868357704,1.0,1
2019-11-16,0.2638860046863556,0.30046161305795327,0.27239588606466636,1.0,1
2019-11-17,0.2652530074119568,0.2994925680643343,0.2702895310634352,1.0,1
2019-11-18,0.2556529939174652,0.2979781130338419,0.2671736856912863,1.0,1
2019-11-19,0.2565000057220459,0.2966513329719127,0.26449496507896775,1.0,1
2019-11-20,0.25136399269104004,0.2952045233459035,0.2614423750429591,1.0,1
2019-11-21,0.24376599490642548,0.2940661048065642,0.25769319333920687,1.0,1
2019-11-22,0.23160000145435333,0.29267323982964755,0.25261975753058197,1.0,1
2019-11-23,0.23618799448013306,0.29098339126607947,0.24880230679014156,1.0,1
2019-11-24,0.2231840044260025,0.2883403387700283,0.24377005874765278,1.0,1
2019-11-25,0.21862199902534485,0.284985701725677,0.23886139692287117,1.0,1
2019-11-26,0.22214500606060028,0.27926831331009283,0.23578468475585568,1.0,1
2019-11-27,0.22508099675178528,0.2754205392909652,0.23289745876067813,1.0,1
2019-11-28,0.22457000613212585,0.27307042836272466,0.2300092691270138,1.0,1
2019-11-29,0.23021699488162994,0.2699622351549776,0.2281195607162802,0.0,1
2019-11-30,0.22647400200366974,0.26649877834122954,0.22621001792151157,0.0,1
2019-12-01,0.22533300518989563,0.26333703944805514,0.2243964587676202,0.0,1
2019-12-02,0.2195809930562973,0.26019549820144616,0.22225430008451497,1.0,1
2019-12-03,0.21987000107765198,0.2565439870182971,0.22058921106414991,1.0,1
2019-12-04,0.21634800732135773,0.2528402610485077,0.21888863902645112,1.0,1
2019-12-05,0.2229280024766922,0.24999159603317975,0.2178647053341031,0.0,1
2019-12-06,0.22550499439239502,0.24652310919353765,0.21749509114434917,0.0,1
2019-12-07,0.22844499349594116,0.24239954205402126,0.21793785689226397,0.0,1
2019-12-08,0.23043499886989594,0.2395727965324183,0.21824280290911002,0.0,1
2019-12-09,0.2254520058631897,0.23582675936288885,0.21888404009275383,0.0,1
2019-12-10,0.2243019938468933,0.2323260557880748,0.2196785437831532,0.0,1
2019-12-11,0.22205300629138947,0.22970854741147917,0.22012475329824527,0.0,1
2019-12-12,0.21985900402069092,0.22897663306270707,0.21968256790365112,0.0,1
2019-12-13,0.22075499594211578,0.227331478441797,0.21978442267075946,0.0,1
2019-12-14,0.21735599637031555,0.22728739621184726,0.21924570409514052,1.0,1
2019-12-15,0.21860100328922272,0.22728762541246966,0.21924337532090588,1.0,1
2019-12-16,0.2072249948978424,0.22791093687576683,0.21712806274133292,1.0,1
2019-12-17,0.18369899690151215,0.2306255267727773,0.21027527285929515,1.0,1
2019-12-18,0.19617600739002228,0.23049941011787983,0.20756198963998224,1.0,1
2019-12-19,0.19081899523735046,0.2298181547216432,0.20430344507179093,1.0,1
2019-12-20,0.19531600177288055,0.22893487031529072,0.20207092945506452,1.0,1
2019-12-21,0.19408200681209564,0.2279728896093333,0.19990781032324192,1.0,1
2019-12-22,0.19697800278663635,0.2272682901875061,0.19835211071810305,1.0,1
2019-12-23,0.19094300270080566,0.22650908742228473,0.19621861364563978,1.0,1
2019-12-24,0.1921979933977127,0.22583656350094036,0.19447613617461965,1.0,1
2019-12-25,0.19071899354457855,0.224497037950843,0.19259476083150565,1.0,1
2019-12-26,0.19039399921894073,0.22270885770056006,0.19087184156444312,1.0,1
2019-12-27,0.19110199809074402,0.22035054211569374,0.18949585760878976,0.0,1
2019-12-28,0.19322200119495392,0.21746079675214622,0.1886643032048431,0.0,1
2019-12-29,0.197051003575325,0.21508516720934243,0.18819983251886038,0.0,1
2019-12-30,0.194473996758461,0.2125625762364912,0.18773962378286838,0.0,1
2019-12-31,0.19289399683475494,0.21006557638644563,0.18732072268725053,0.0,1
2020-01-01,0.19266700744628906,0.20761552298566258,0.18705157643059336,0.0,1
2020-01-02,0.1880429983139038,0.20456215037901143,0.1868337492744233,0.0,1
2020-01-03,0.19352099299430847,0.20176157794927443,0.1872508213665596,0.0,1
2020-01-04,0.19435499608516693,0.19782588867200834,0.18876190992342012,0.0,1
2020-01-05,0.1955370008945465,0.19590789760155353,0.18951110159354534,0.0,1
2020-01-06,0.22150999307632446,0.2013713547311514,0.18782874408142872,-1.0,0
2020-01-07,0.21391700208187103,0.2035202043696702,0.1874539939120948,-1.0,0
2020-01-08,0.20902599394321442,0.2048920930575616,0.18790280509478977,-1.0,0
2020-01-09,0.20489899814128876,0.20557486148066012,0.1881783363085321,0.0,0
2020-01-10,0.21230599284172058,0.20711005915301006,0.1884655372391446,-1.0,0
2020-01-11,0.21185100078582764,0.2083649141354965,0.1886979820565773,-1.0,0
2020-01-12,0.21563300490379333,0.21013199339412214,0.18939990301825044,-1.0,0
2020-01-13,0.21261699497699738,0.21137157351765923,0.19020222305264184,-1.0,0
2020-01-14,0.23468700051307678,0.21571707940193016,0.19025351786522074,-1.0,0
2020-01-15,0.23289500176906586,0.2191133547333935,0.1911073427887699,-1.0,0
2020-01-16,0.2285739928483963,0.22151105661620235,0.19245684038172628,-1.0,0
2020-01-17,0.23877599835395813,0.22503518622772253,0.1934881104861065,-1.0,0
2020-01-18,0.24328599870204926,0.22878563102442603,0.19436116520207544,-1.0,0
2020-01-19,0.23558500409126282,0.23114378463120105,0.19611411232858061,-1.0,0
2020-01-20,0.2332960069179535,0.23297541931746166,0.19832267865063982,-1.0,0
2020-01-21,0.23716600239276886,0.23494915164410107,0.20079884581864843,-1.0,0
2020-01-22,0.23605599999427795,0.23627644190631036,0.2042728557244765,0.0,0
2020-01-23,0.2261040061712265,0.23664763124493765,0.20715996770354106,0.0,0
2020-01-24,0.22304099798202515,0.23657966738730135,0.21009653175086318,0.0,0
2020-01-25,0.220427006483078,0.23613577440412836,0.21302942529288932,0.0,0
2020-01-26,0.2306859940290451,0.236648207250842,0.2134345925414477,0.0,0
2020-01-27,0.231222003698349,0.2372832558092395,0.21453004414469803,0.0,0
2020-01-28,0.23848800361156464,0.2383559195156341,0.21640358140513846,-1.0,0
2020-01-29,0.23573000729084015,0.23867042898549165,0.21917217285023602,0.0,0
2020-01-30,0.24364200234413147,0.23993991207148063,0.22103629071448816,-1.0,0
2020-01-31,0.23923300206661224,0.24040748875901058,0.22330691415503667,0.0,0
2020-02-01,0.24145500361919403,0.24104432076849402,0.2252522820170933,-1.0,0
2020-02-02,0.25073400139808655,0.24230772546193166,0.22780057796576456,-1.0,0
2020-02-03,0.254626989364624,0.24452014515058243,0.2275821571622685,-1.0,0
2020-02-04,0.26680800318717957,0.24860781652060876,0.22688578593405356,-1.0,0
2020-02-05,0.2774679958820343,0.2539858044087021,0.226397198349324,-1.0,0
2020-02-06,0.2822139859199524,0.2590413340910597,0.2256854674235658,-1.0,0
2020-02-07,0.2792840003967285,0.2627762595845878,0.22555034209950572,-1.0,0
2020-02-08,0.2772429883480072,0.26613577891524764,0.2263566211945203,-1.0,0
2020-02-09,0.28245699405670166,0.26990378461619163,0.2275047142074511,-1.0,0
2020-02-10,0.2740800082683563,0.2722920400599155,0.22880785935128597,-1.0,0
2020-02-11,0.2801409959793091,0.27517368405725956,0.230334714952445,-1.0,0
2020-02-12,0.3043929934501648,0.2809476265886136,0.2323896711489848,-1.0,0
2020-02-13,0.3267059922218323,0.28941712785276663,0.23428666930881248,-1.0,0
2020-02-14,0.33482199907302856,0.2978260942476917,0.23731720217288257,-1.0,0
2020-02-15,0.30623599886894226,0.3014719575767959,0.24122633932776805,-1.0,0
2020-02-16,0.2950339913368225,0.30354743693239744,0.24553205873601386,0.0,0
2020-02-17,0.28657200932502747,0.3047751290282601,0.24911276721149744,0.0,0
2020-02-18,0.2979130148887634,0.3064754718992338,0.2536307251003161,0.0,0
2020-02-19,0.2776019871234894,0.30676401072022097,0.25673818475726473,0.0,0
2020-02-20,0.2723959982395172,0.30647894824110805,0.26033954685366806,0.0,0
2020-02-21,0.2749379873275757,0.30606905457720834,0.26409773888840593,0.0,0
2020-02-22,0.2759009897708893,0.30586275459262324,0.26682073771027137,0.0,0
2020-02-23,0.282710999250412,0.3058221691567674,0.269669724134706,0.0,0
2020-02-24,0.2706269919872284,0.30579920348023115,0.2700745886912471,0.0,0
2020-02-25,0.25341200828552246,0.3060862541578298,0.2673819392539973,1.0,1
2020-02-26,0.23085099458694458,0.3072061817641415,0.26112571251438477,1.0,1
2020-02-27,0.2371159940958023,0.307383998005629,0.2567310956428047,1.0,1
2020-02-28,0.23629599809646606,0.3073234484118052,0.25269694621147437,1.0,1
2020-02-29,0.23119300603866577,0.3068444481704279,0.24804954765104814,1.0,1
2020-03-01,0.2288459986448288,0.30653091433352425,0.24383968052559896,1.0,1
2020-03-02,0.2387470006942749,0.30546722144403216,0.24076397388658766,1.0,1
2020-03-03,0.23438100516796112,0.30219117044804483,0.2370388260543546,1.0,1
2020-03-04,0.2345300018787384,0.2955363284793913,0.23447606898869872,0.0,1
2020-03-05,0.23958200216293335,0.2864300715027933,0.23405832627428722,0.0,1
2020-03-06,0.24408799409866333,0.2811772876652784,0.2330963096347742,0.0,1
2020-03-07,0.2370709925889969,0.27692577818231146,0.2315515192429586,0.0,1
2020-03-08,0.20690399408340454,0.2739386695512987,0.22657182634980907,1.0,1
2020-03-09,0.20918099582195282,0.2683894100998336,0.22324788389459316,1.0,1
2020-03-10,0.2122350037097931,0.26500889816546946,0.22009169748758764,1.0,1
2020-03-11,0.2080959975719452,0.26189865225062536,0.21677194333567448,1.0,1
2020-03-12,0.13963499665260315,0.2628584540661777,0.20228184245262493,1.0,1
2020-03-13,0.15935200452804565,0.259376552384877,0.19410884560964126,1.0,1
2020-03-14,0.14729200303554535,0.2543821565628863,0.18556134181014527,1.0,1
2020-03-15,0.15390199422836304,0.24939056181095548,0.1788804367861896,1.0,1
2020-03-16,0.14106300473213196,0.2460619179148164,0.17097418032698963,1.0,1
2020-03-17,0.1445239931344986,0.24394108742707374,0.16446231066948772,1.0,1
2020-03-18,0.14309999346733093,0.24067656759443973,0.15832523043927454,1.0,1
2020-03-19,0.16503700613975525,0.23684430355974503,0.15503159527829816,0.0,1
2020-03-20,0.15686799585819244,0.2331327695193819,0.15131062830061398,0.0,1
2020-03-21,0.15817900002002716,0.22932050700506984,0.14805619095244588,0.0,1
2020-03-22,0.15021400153636932,0.22396518902666493,0.14455820901506025,0.0,1
2020-03-23,0.15741899609565735,0.21870844057516636,0.14211875655932843,0.0,1
2020-03-24,0.16225500404834747,0.21307610540667252,0.14052359194478317,0.0,1
2020-03-25,0.16163299977779388,0.2061383979088999,0.13966639920404186,0.0,1
2020-03-26,0.17501899600028992,0.19818235672726697,0.1407155405758374,0.0,1
2020-03-27,0.17619499564170837,0.1904380648578059,0.14237223275056965,0.0,1
2020-03-28,0.17578299343585968,0.18706028809716194,0.14263790944645913,0.0,1
2020-03-29,0.1638289988040924,0.1821912239785593,0.1429717738632757,0.0,1
2020-03-30,0.1721709966659546,0.1765594004279324,0.14459719670951876,0.0,1
2020-03-31,0.17456300556659698,0.1708971173006566,0.14690618063625976,-1.0,0
2020-04-01,0.1753229945898056,0.17231339637110044,0.14905870135953614,-1.0,0
2020-04-02,0.1786399930715561,0.1739422343893111,0.1493586621956765,-1.0,0
2020-04-03,0.17946699261665344,0.17567772151481498,0.1508406740282835,-1.0,0
2020-04-04,0.18173199892044067,0.17751668043506202,0.1517847155772442,-1.0,0
2020-04-05,0.17940600216388702,0.17856119477805504,0.1545745009774267,-1.0,0
2020-04-06,0.1955060064792633,0.18158690029144728,0.15664699679851093,-1.0,0
2020-04-07,0.19209299981594086,0.18345532745090093,0.15967787027391828,-1.0,0
2020-04-08,0.20086899399757385,0.18680848428905583,0.1599079122215452,-1.0,0
2020-04-09,0.19825699925422668,0.18938183046073417,0.16147346638947027,-1.0,0
2020-04-10,0.18746399879455566,0.1904723448919123,0.163311451835745,0.0,0
2020-04-11,0.18806299567222595,0.19102233454979226,0.16654636159145073,0.0,0
2020-04-12,0.19013500213623047,0.19180906306232154,0.16903123368297873,0.0,0
2020-04-13,0.18773199617862701,0.19234510855130232,0.17104288740702595,0.0,0
2020-04-14,0.18533499538898468,0.1924438382588135,0.17331435726063382,0.0,0
2020-04-15,0.18127000331878662,0.19258665011749743,0.17379664613379958,0.0,0
2020-04-16,0.19010399281978607,0.19325167159491646,0.1745225243741883,0.0,0
2020-04-18,0.194924995303154,0.19431450456459345,0.17537389159124075,-1.0,0
2020-04-19,0.19085900485515594,0.19434578921875328,0.1780456075421873,0.0,0
2020-04-20,0.18348999321460724,0.1942529703134533,0.17927032610235255,0.0,0
2020-04-21,0.18432800471782684,0.19420322455162992,0.18029657177929886,0.0,0
2020-04-22,0.18796999752521515,0.19424371284421346,0.1815207837802563,0.0,0
2020-04-23,0.19171099364757538,0.19456028279133894,0.18251131389073275,0.0,0
2020-04-24,0.19366499781608582,0.1949745734209692,0.18351682378104572,0.0,0
2020-04-25,0.19505399465560913,0.19549366267265172,0.18432993410288007,0.0,0
2020-04-26,0.19680500030517578,0.19598293839428826,0.1855805581953724,-1.0,0
2020-04-27,0.19797800481319427,0.1962520498227027,0.18555864660035107,-1.0,0
2020-04-28,0.21548399329185486,0.19974747205406357,0.18440232371658155,-1.0,0
2020-04-29,0.2274319976568222,0.20429971151892076,0.1825063846176492,-1.0,0
2020-04-30,0.21276099979877472,0.2058186836019349,0.18243781258908986,-1.0,0
2020-05-01,0.2192479968070984,0.20855804519976948,0.18287685079250957,-1.0,0
2020-05-02,0.2239139974117279,0.21166130049044743,0.1833586956757818,-1.0,0
2020-05-03,0.21941399574279785,0.21381957340231308,0.1841283221245729,-1.0,0
2020-05-04,0.21896299719810486,0.21577373100080513,0.18529726462802862,-1.0,0
2020-05-05,0.21646299958229065,0.2172854798902229,0.18689831615794145,0.0,0
2020-05-06,0.21521000564098358,0.21841941946232063,0.1891583768180634,0.0,0
2020-05-07,0.21891699731349945,0.2198602015117168,0.19059889521803858,0.0,0
2020-05-08,0.21982699632644653,0.22124118314298805,0.1917081136890966,0.0,0
2020-05-09,0.2169020026922226,0.22223896294816528,0.19331463366762605,0.0,0
2020-05-10,0.19817599654197693,0.2220164043980104,0.19500579255051786,0.0,0
2020-05-11,0.19406400620937347,0.2217395200246254,0.19625627707305757,1.0,1
2020-05-12,0.19763700664043427,0.2215487218771078,0.19741377613209707,0.0,1
2020-05-13,0.20148000121116638,0.2214641384144537,0.19847526035111027,0.0,1
2020-05-14,0.20312899351119995,0.2214136594619705,0.1994721388731049,0.0,1
2020-05-15,0.19891099631786346,0.22135272207904422,0.19991877642225658,1.0,1
2020-05-16,0.20003199577331543,0.2213173699879329,0.20027682806018188,1.0,1
2020-05-17,0.20125499367713928,0.22129492815405757,0.2006269687804517,0.0,1
2020-05-18,0.2051759958267212,0.22079910529068478,0.2000919918973111,0.0,1
2020-05-19,0.20402799546718597,0.21890530383120602,0.19964539313782628,0.0,1
2020-05-20,0.20170700550079346,0.2184586515983566,0.19898664594087756,0.0,1
2020-05-21,0.19550900161266327,0.21736756394992188,0.19770383406986877,1.0,1
2020-05-22,0.20034299790859222,0.21551182136925226,0.1972024767002248,0.0,1
2020-05-23,0.19885599613189697,0.2140862221163275,0.1965722759920595,0.0,1
2020-05-24,0.19543099403381348,0.2125550782826395,0.19575021950931834,1.0,1
2020-05-25,0.19732700288295746,0.2112029214721596,0.19518877664986492,0.0,1
2020-05-26,0.19397500157356262,0.20986744688836384,0.1944007508269186,1.0,1
2020-05-27,0.19785700738430023,0.20777257247262426,0.19438962624973827,0.0,1
2020-05-28,0.20059500634670258,0.2051513698561189,0.19508762986826925,0.0,1
2020-05-29,0.1983480006456375,0.20231512335835283,0.1960684761613768,0.0,1
2020-05-30,0.20622000098228455,0.2030768626247294,0.19611113733903096,-1.0,0
2020-05-31,0.20290599763393402,0.20333646451136253,0.1967357345948539,0.0,0
2020-06-01,0.21024900674819946,0.20462404095427283,0.19670935816272012,-1.0,0
2020-06-02,0.20276400446891785,0.20471247083830263,0.19674932860446548,0.0,0
2020-06-03,0.20366300642490387,0.2047578464123243,0.19675735432181418,0.0,0
2020-06-04,0.2049819976091385,0.2051433978308465,0.1969789030324195,0.0,0
2020-06-05,0.20409199595451355,0.20539320549978066,0.19713509538160515,0.0,0
2020-06-06,0.20314200222492218,0.20550884024135102,0.19720816149481307,0.0,0
2020-06-07,0.20344899594783783,0.20535632312708418,0.19718797862119158,0.0,0
2020-06-08,0.20377099514007568,0.2053347410188923,0.19718386069667246,0.0,0
2020-06-09,0.20201300084590912,0.2053523836927313,0.19719681755734503,0.0,0
2020-06-10,0.2029380053281784,0.20550339690298391,0.1977887047186439,0.0,0
2020-06-11,0.1901800036430359,0.20576795865535977,0.19650784353971243,1.0,1
2020-06-12,0.19394299387931824,0.20577327733748324,0.19601122463233106,1.0,1
2020-06-13,0.19310599565505981,0.20581894355778257,0.19573305857415635,1.0,1
2020-06-14,0.1916169971227646,0.20588813996470326,0.1950928615912164,1.0,1
2020-06-15,0.19307400286197662,0.20590375108164177,0.19498715060311927,1.0,1
2020-06-16,0.19130699336528778,0.20592508740100318,0.19431081288185664,1.0,1
2020-06-17,0.19344300031661987,0.20575378411115336,0.19376691556869818,1.0,1
2020-06-18,0.1909569948911667,0.20569567157273685,0.19308592753166762,1.0,1
2020-06-19,0.18679000437259674,0.20510212382252477,0.19173647562091092,1.0,1
2020-06-20,0.18850000202655792,0.20464400190952703,0.19075399797317105,1.0,1
2020-06-21,0.18560999631881714,0.2032521541989978,0.18968194464076202,1.0,1
2020-06-22,0.18927200138568878,0.20258923897376746,0.18899565955766945,0.0,1
2020-06-23,0.1886799931526184,0.20175208107852335,0.188334516125685,0.0,1
2020-06-24,0.18427200615406036,0.20070007776858112,0.18731552029011944,1.0,1
2020-06-25,0.183569997549057,0.1996194870686811,0.1863439111494738,1.0,1
2020-06-26,0.18267099559307098,0.1985246911380932,0.1853916064168766,1.0,1
2020-06-27,0.17685100436210632,0.19743414323349698,0.18382235516289966,1.0,1
2020-06-28,0.1776919960975647,0.1959761404736163,0.18267245801852924,1.0,1
2020-06-29,0.17795899510383606,0.19452854450331633,0.18171465341462192,1.0,1
2020-06-30,0.17587000131607056,0.19272361194391593,0.18081278557281152,1.0,1
2020-07-01,0.17697599530220032,0.19238829971753377,0.1798276969651101,1.0,1
2020-07-02,0.17724399268627167,0.19156691384675084,0.17897918271658841,1.0,1
2020-07-03,0.17633600533008575,0.19074701001976435,0.1781220875110775,1.0,1
2020-07-04,0.17798399925231934,0.18998450450993637,0.17752129323386096,0.0,1
2020-07-05,0.1770170032978058,0.1889475186039029,0.1769525791834773,0.0,1
2020-07-06,0.18856699764728546,0.18863839946610775,0.17698769874947226,0.0,1
2020-07-07,0.18478700518608093,0.1876713230481795,0.1770891756543466,0.0,1
2020-07-08,0.20469200611114502,0.19012590677355976,0.17600809305096418,-1.0,0
2020-07-09,0.20291000604629517,0.19218794077485638,0.1755580592170374,-1.0,0
2020-07-10,0.1986519992351532,0.1932820576947951,0.1754791420179582,-1.0,0
2020-07-11,0.20119699835777283,0.1948243588699239,0.17549554104672496,-1.0,0
2020-07-12,0.20053799450397491,0.19595180703081855,0.17549469219765895,-1.0,0
2020-07-13,0.1985750049352646,0.19682925061143958,0.1756067497953025,-1.0,0
2020-07-14,0.19880899786949158,0.19790783582161026,0.17598186375667496,-1.0,0
2020-07-15,0.19711099565029144,0.19878185431296322,0.17646194507544546,0.0,0
2020-07-16,0.19404800236225128,0.1993749933774031,0.17700650668792356,0.0,0
2020-07-17,0.19428099691867828,0.19999257860995603,0.17813192071102787,0.0,0
2020-07-18,0.19934099912643433,0.20096112442262895,0.17932827520124192,0.0,0
2020-07-19,0.19913500547409058,0.20179848129643646,0.18060851936445982,0.0,0
2020-07-20,0.19506500661373138,0.20214795320813503,0.18217854798252733,0.0,0
2020-07-21,0.19898800551891327,0.2026835660582618,0.18384413615407189,0.0,0
2020-07-22,0.203342005610466,0.20344440617238585,0.18569309733236727,0.0,0
2020-07-23,0.20757800340652466,0.204353964303507,0.18790773900889002,-1.0,0
2020-07-24,0.2040490061044693,0.20463129348022702,0.190236910517385,0.0,0
2020-07-25,0.21410199999809265,0.20568073132044667,0.19289597234719402,-1.0,0
2020-07-26,0.21498200297355652,0.20738694300655772,0.19383126119371005,-1.0,0
2020-07-27,0.22367200255393982,0.21008853224881568,0.19501817168823798,-1.0,0
2020-07-28,0.23027700185775757,0.21359314859273798,0.19407205491897694,-1.0,0
2020-07-29,0.24309900403022766,0.2189616204126603,0.1927224828974479,-1.0,0
2020-07-30,0.24452200531959534,0.22371147415400114,0.19255962976455124,-1.0,0
2020-07-31,0.25890401005744934,0.23017727504963098,0.1918645300388891,-1.0,0
2020-08-01,0.2895289957523346,0.2412529690886842,0.18968793612467183,-1.0,0
2020-08-02,0.28706198930740356,0.2498758656926344,0.1899137379579355,-1.0,0
2020-08-03,0.30994001030921936,0.2610843080449545,0.18981839684958815,-1.0,0
2020-08-04,0.3004930019378662,0.26929461409477423,0.19194629142852593,-1.0,0
2020-08-05,0.30331099033355713,0.27697342487986637,0.19519377944056437,-1.0,0
2020-08-06,0.3035840094089508,0.28383789795514025,0.19925960761431777,-1.0,0
2020-08-07,0.2946639955043793,0.2889667829496647,0.20366302225758784,-1.0,0
2020-08-08,0.29402199387550354,0.29346352308469537,0.20865498096269844,-1.0,0
2020-08-09,0.2886529862880707,0.29678055495935746,0.2146967470554703,0.0,0
2020-08-10,0.29465898871421814,0.3001526176401672,0.22089178269419096,0.0,0
2020-08-11,0.2844490110874176,0.3021449145718227,0.22701018631023073,0.0,0
2020-08-12,0.2849299907684326,0.30374904632485716,0.23314125329338703,0.0,0
2020-08-13,0.2978070080280304,0.30554216519428773,0.24072393461631253,0.0,0
2020-08-14,0.300370991230011,0.30721913612199603,0.24767386281179604,0.0,0
2020-08-15,0.2996610105037689,0.3079131458313901,0.25544775385542323,0.0,0
2020-08-16,0.30349200963974,0.3084601072843133,0.2628827931110801,0.0,0
2020-08-17,0.3147670030593872,0.3094814083684668,0.27031049214708947,-1.0,0
2020-08-18,0.3033069968223572,0.309284874174838,0.2765278256199312,0.0,0
2020-08-19,0.29024600982666016,0.30702106934379847,0.2833640309016773,0.0,0
2020-08-20,0.2925730049610138,0.3051212131146253,0.28863078662120695,0.0,0
2020-08-21,0.2806819975376129,0.3053071500122505,0.28756014990210954,1.0,1
2020-08-22,0.286545991897583,0.30531073402872533,0.2875049661446527,1.0,1
2020-08-23,0.28538599610328674,0.3038074696027795,0.28655282915000524,1.0,1
2020-08-24,0.28921499848365784,0.3032466098908491,0.2859858885165148,0.0,1
2020-08-25,0.2779270112514496,0.30248313891696726,0.2842109615821859,1.0,1
2020-08-26,0.2774910032749176,0.3014971978087496,0.2825876020770002,1.0,1
2020-08-27,0.26451098918914795,0.30178341381989277,0.2792860854343339,1.0,1
2020-08-28,0.2720459997653961,0.3013780079727968,0.2774938918704192,1.0,1
2020-08-29,0.27449700236320496,0.3011297248773965,0.27632657657333287,1.0,1
2020-08-30,0.28303399682044983,0.3005282821333517,0.2757655201280008,0.0,1
2020-08-31,0.28176599740982056,0.3004507121357421,0.27557478875785074,0.0,1
2020-09-01,0.2956959903240204,0.30108120008343087,0.2760209007657207,0.0,1
2020-09-02,0.27646100521087646,0.30009285770505123,0.27487464286238494,0.0,1
2020-09-03,0.24658000469207764,0.2999827772074003,0.2696056247062426,1.0,1
2020-09-04,0.25588300824165344,0.29866796347591074,0.2665426382115206,1.0,1
2020-09-05,0.2376919984817505,0.29747633656680206,0.2611542640048303,1.0,1
2020-09-06,0.24073100090026855,0.29371336930493747,0.257513631050783,1.0,1
2020-09-07,0.24217399954795837,0.2908941982600819,0.2542195023681988,1.0,1
2020-09-08,0.23675300180912018,0.28936882470849534,0.25039557511803134,1.0,1
2020-09-09,0.2396090030670166,0.28707040562500413,0.24739759401212277,1.0,1
2020-09-10,0.2435300052165985,0.2856225097726648,0.24513029063236066,1.0,1
2020-09-11,0.24329200387001038,0.28338953010858703,0.24303787149368117,0.0,1
2020-09-12,0.24781399965286255,0.28108241931387945,0.24158778264334635,0.0,1
2020-09-13,0.24180099368095398,0.2780225711340488,0.2399062303429066,0.0,1
2020-09-14,0.2463269978761673,0.27609445735545335,0.23867434278397381,0.0,1
2020-09-15,0.2438499927520752,0.2740176831233259,0.237387015963817,0.0,1
2020-09-16,0.24784700572490692,0.2731416596548368,0.23659664108588202,0.0,1
2020-09-17,0.25219398736953735,0.2717005645053674,0.2360525349957656,0.0,1
2020-09-18,0.2507070004940033,0.26984384868486755,0.23553025062934527,0.0,1
2020-09-19,0.2517159879207611,0.26672095383200123,0.23552134459224272,0.0,1
2020-09-20,0.24674299359321594,0.2632158708459951,0.23552412719658833,0.0,1
2020-09-21,0.232137992978096,0.2553437995306503,0.2370403987773407,1.0,1
2020-09-22,0.23341700434684753,0.25030456967729725,0.2377752285442909,1.0,1
2020-09-23,0.22165699303150177,0.2507712180233546,0.23481627903217595,1.0,1
2020-09-24,0.23301799595355988,0.2492844130663433,0.2340165827603779,1.0,1
2020-09-25,0.24180500209331512,0.2494329994902434,0.23427929669763425,0.0,1
2020-09-26,0.24236899614334106,0.2495109488855788,0.23436514682660614,0.0,1
2020-09-27,0.2432519942522049,0.24957045059702793,0.2344134445855816,0.0,1
2020-09-28,0.24205100536346436,0.2497345125507712,0.23477918298727277,0.0,1
2020-09-29,0.24313899874687195,0.24988684551840987,0.23497984958761967,0.0,1
2020-09-30,0.2423110008239746,0.24982143831223794,0.23492335635452918,0.0,1
2020-10-01,0.23836100101470947,0.24962428879493553,0.23462740558630152,0.0,1
2020-10-02,0.23420199751853943,0.24901761335684516,0.23387288081095955,0.0,1
2020-10-03,0.2335049957036972,0.24880677342385743,0.2332541209462216,0.0,1
2020-10-04,0.2485020011663437,0.2490081499428076,0.23327024475628907,0.0,1
2020-10-05,0.25089600682258606,0.2496409329286988,0.23334206317744896,-1.0,0
2020-10-06,0.2458599954843521,0.24947183737551945,0.23331245770657286,0.0,0
2020-10-07,0.24904100596904755,0.24912077768037658,0.23334821926166674,0.0,0
2020-10-08,0.2516149878501892,0.24922596485245088,0.233333830825211,-1.0,0
2020-10-10,0.25429001450538635,0.24955101416462946,0.23326618417149494,-1.0,0
2020-10-11,0.25571900606155396,0.2505388472184949,0.2331759523644633,-1.0,0
2020-10-14,0.2494480013847351,0.25124578458681596,0.23420001583680616,0.0,0
2020-10-15,0.24593999981880188,0.25160820874394874,0.23508989122686885,0.0,0
2020-10-16,0.24044300615787506,0.2508430372172098,0.23773366406624508,0.0,0
2020-10-17,0.24093100428581238,0.25074263778473727,0.2386253643319429,0.0,0
2020-10-18,0.24222500622272491,0.25075385370514586,0.23865614882447528,0.0,0
2020-10-19,0.24596400558948517,0.2509139162440011,0.2388555872302344,0.0,0
2020-10-20,0.24357299506664276,0.2509258168459668,0.23887578670971246,0.0,0
2020-10-21,0.2516149878501892,0.2515438451688411,0.2392141566355107,-1.0,0
2020-10-22,0.25680699944496155,0.2527049338270667,0.239419868047094,-1.0,0
2020-10-23,0.2548789978027344,0.2535506890418844,0.23983091253015235,-1.0,0
2020-10-24,0.2564310133457184,0.2544892392098999,0.24069936359523775,-1.0,0
2020-10-25,0.25321298837661743,0.25477469478609466,0.24231500710485077,0.0,0
2020-10-26,0.2486879974603653,0.2544323802756162,0.24417562179099606,0.0,0
2020-10-27,0.2528989911079407,0.2547099619081504,0.24433773915262158,0.0,0
2020-10-28,0.24586500227451324,0.25451010860598017,0.24403449199998448,0.0,0
2020-10-29,0.24229499697685242,0.2545116705454231,0.24367643020979154,1.0,1
2020-10-30,0.23918400704860687,0.2544547179573276,0.24274768290584303,1.0,1
2020-10-31,0.23974399268627167,0.2541349445260891,0.24188035682068976,1.0,1
2020-11-01,0.23979699611663818,0.2534847619951099,0.24108123751279417,1.0,1
2020-11-02,0.23542100191116333,0.25267416404483894,0.23986203504802603,1.0,1
2020-11-03,0.23950999975204468,0.25230184595534033,0.23924055297425564,0.0,1
2020-11-04,0.2377929985523224,0.25213313779936547,0.2385945610035825,1.0,1
2020-11-05,0.2457759976387024,0.25230004946497425,0.23896094848605648,0.0,1
2020-11-06,0.25844499468803406,0.2536585416079607,0.2393538553832922,-1.0,0
2020-11-07,0.24958199262619019,0.2539836775631493,0.2397644180684501,0.0,0
2020-11-08,0.2539390027523041,0.2545503596216688,0.23999523572621256,0.0,0
2020-11-09,0.25074800848960876,0.25489395971842904,0.24036913697174891,0.0,0
2020-11-10,0.25391098856925964,0.25509270357625324,0.24039999318583172,0.0,0
2020-11-11,0.2562589943408966,0.2550306708204175,0.2404072254312609,-1.0,0
2020-11-12,0.25490298867225647,0.2550331087115683,0.2404071866270623,0.0,0
2020-11-13,0.265190988779068,0.2562419926942245,0.24007430018774117,-1.0,0
2020-11-14,0.268341988325119,0.25812561543716095,0.23970357743965484,-1.0,0
2020-11-15,0.2696419954299927,0.260272318975147,0.23965227369863154,-1.0,0
2020-11-16,0.2855199873447418,0.2646159045380941,0.23857078775936452,-1.0,0
2020-11-17,0.30240800976753235,0.2716061913754443,0.23723480167131625,-1.0,0
2020-11-18,0.29422199726104736,0.2760927683918528,0.23794092468332728,-1.0,0
2020-11-19,0.30376601219177246,0.2814874870958654,0.23900440649363125,-1.0,0
2020-11-20,0.32806798815727234,0.29016993734559804,0.23915435579099864,-1.0,0
2020-11-21,0.4583440124988556,0.3252560433564021,0.2259229514184163,-1.0,0
2020-11-22,0.44369998574256897,0.3472824339161035,0.22472445924185547,-1.0,0
2020-11-23,0.6139799952507019,0.3992458830520911,0.21020800965573358,-1.0,0
2020-11-24,0.6921030282974243,0.45414204154171295,0.20074285414062193,-1.0,0
2020-11-25,0.6354830265045166,0.4893927468534712,0.2044628517154451,-1.0,0
2020-11-26,0.5330190062522888,0.5073140226193089,0.2139989771060329,-1.0,0
2020-11-27,0.5592679977416992,0.5267490162368287,0.22553258400006398,-1.0,0
2020-11-28,0.6256219744682312,0.5522341841873722,0.23721571322111315,-1.0,0
2020-11-29,0.6062459945678711,0.572937879759311,0.25206181625700064,-1.0,0
2020-11-30,0.6643369793891907,0.5982826497873646,0.2677596453109402,-1.0,0
2020-12-01,0.6129230260848999,0.6152792294145448,0.2864294688581603,0.0,0
2020-12-02,0.6298930048942566,0.6318743052811683,0.30733339461373677,0.0,0
2020-12-03,0.6314830183982849,0.6465331895153192,0.32930371334150754,0.0,0
2020-12-04,0.5572620034217834,0.6528784896344022,0.35185041473209117,0.0,0
2020-12-05,0.5844209790229797,0.6591622310500064,0.37704457167578564,0.0,0
2020-12-06,0.6198509931564331,0.6663540061009361,0.40328589720602487,0.0,0
2020-12-07,0.6089339852333069,0.6705627671879132,0.42972973366562534,0.0,0
2020-12-08,0.5588359832763672,0.6676488293418319,0.4591050701132386,0.0,0
2020-12-09,0.5835899710655212,0.6618715040770304,0.49286479126541494,0.0,0
2020-12-10,0.572953999042511,0.6505464007642823,0.528678495666687,0.0,0
2020-12-11,0.5464829802513123,0.6477175342757648,0.54032125893045,0.0,0
2020-12-12,0.506401002407074,0.6428483930483095,0.5514605018243559,1.0,1
2020-12-13,0.51146399974823,0.6413423982498508,0.5427148970725674,1.0,1
2020-12-14,0.49771198630332947,0.6299902907044059,0.5346279004186028,1.0,1
2020-12-15,0.46970999240875244,0.6261707767476454,0.5218701109657868,1.0,1
2020-12-16,0.5686280131340027,0.6270782861345281,0.5245235022670756,0.0,1
2020-12-17,0.5766770243644714,0.6278008636183973,0.5255418274454836,0.0,1
2020-12-18,0.5842800140380859,0.6244706979207044,0.5247377971001619,0.0,1
2020-12-19,0.5791630148887634,0.6225768834290291,0.5239233136239265,0.0,1
2020-12-20,0.5560579895973206,0.6123463691703401,0.5233259289034284,0.0,1
2020-12-21,0.5169439911842346,0.6076044856983059,0.5184699088853962,1.0,1
2020-12-22,0.4484480023384094,0.6024978935778429,0.5054320007502744,1.0,1
2020-12-23,0.25860199332237244,0.614471552075243,0.45617023974528326,1.0,1
2020-12-24,0.33781901001930237,0.6147133650788872,0.4339841274013909,1.0,1
2020-12-25,0.3180910050868988,0.6111733380903213,0.41089115699634876,1.0,1
2020-12-26,0.29471299052238464,0.6024305689649783,0.3871201258582868,1.0,1
2020-12-27,0.28303900361061096,0.5924272607307262,0.36453393593026934,1.0,1
2020-12-28,0.2479580044746399,0.586170413607261,0.33970298517356184,1.0,1
2020-12-29,0.22096200287342072,0.5757862171674479,0.3138243847941648,1.0,1
2020-12-30,0.21182799339294434,0.5638812352164838,0.2896167661801722,1.0,1
2020-12-31,0.2198459953069687,0.5519199479491629,0.2689143549530588,1.0,1
2021-01-01,0.23744399845600128,0.5416154585210203,0.2523231439860941,1.0,1
2021-01-02,0.2216549962759018,0.5295474552028147,0.23541024695706694,1.0,1
2021-01-03,0.2258480042219162,0.5173006741887873,0.22047062976295295,0.0,1
2021-01-04,0.23667700588703156,0.5064621426141582,0.20800586268540996,0.0,1
2021-01-05,0.22675000131130219,0.483337855564921,0.1969423485523772,0.0,1
2021-01-06,0.2508949935436249,0.45689523787284003,0.19080676316237344,0.0,1
2021-01-07,0.32600200176239014,0.4290718561240694,0.19280234368357452,0.0,1
2021-01-08,0.32322999835014343,0.398164519956724,0.19811637819705794,0.0,1
2021-01-09,0.32691600918769836,0.3667401565800096,0.20662654353281007,0.0,1
2021-01-10,0.31833600997924805,0.3364814704390983,0.21702443155322265,0.0,1
2021-01-11,0.28890499472618103,0.31301094240264427,0.22454065882845387,0.0,1
2021-01-12,0.2921229898929596,0.3149156794108418,0.22598802147731506,0.0,1
2021-01-13,0.3055799901485443,0.3112708302806478,0.22640896862043328,0.0,1
2021-01-14,0.2954379916191101,0.30904247848226946,0.2263720190720328,0.0,1
2021-01-15,0.28040599822998047,0.3079573125137932,0.22602648581126863,0.0,1
2021-01-16,0.2801879942417145,0.30776090778723103,0.22593778960094107,0.0,1
2021-01-17,0.2773840129375458,0.30904576062999123,0.2275955376044715,0.0,1
2021-01-18,0.2847689986228943,0.31080496498689203,0.23221703282251807,0.0,1
2021-01-19,0.2943139970302582,0.3125947492531402,0.23867584892000132,0.0,1
2021-01-20,0.2965179979801178,0.31424920904062853,0.2446885893998279,0.0,1
2021-01-21,0.26894599199295044,0.31450941669962795,0.24757858109452338,0.0,1
2021-01-22,0.27279898524284363,0.3141133967884755,0.25308899990237,0.0,1
2021-01-23,0.271820992231369,0.31341688253301225,0.2583828129587785,0.0,1
2021-01-24,0.2735089957714081,0.3129243279583212,0.2625585665219072,0.0,1
2021-01-25,0.269089013338089,0.3111183173356485,0.26859847834725864,0.0,1
2021-01-26,0.26882699131965637,0.31061741227538664,0.27089258318512366,1.0,1
2021-01-27,0.2519429922103882,0.30690092148048514,0.26720317302482494,1.0,1
2021-01-28,0.2572779953479767,0.30273607955458687,0.26477281465050656,1.0,1
2021-01-29,0.2821879982948303,0.29755295684872246,0.26548313626708414,0.0,1
2021-01-30,0.44024398922920227,0.32598869336037856,0.24923819768042352,-1.0,0
2021-01-31,0.49231401085853577,0.35752563226598333,0.23804216038805415,-1.0,0
2021-02-01,0.37150898575782776,0.363695725247957,0.23981066699256726,-1.0,0
2021-02-02,0.369269996881485,0.3686978203443048,0.2411775725695135,-1.0,0
2021-02-03,0.3934899866580963,0.3765337301892731,0.2431468622284439,-1.0,0
2021-02-04,0.44644901156425476,0.3910263912794864,0.24525850247165798,-1.0,0
2021-02-05,0.45004698634147644,0.4045844287093535,0.24868636425176707,-1.0,0
2021-02-06,0.43909600377082825,0.41562351432761757,0.2538184777168313,-1.0,0
2021-02-07,0.41795799136161804,0.4234283655001851,0.2593325258181361,0.0,0
2021-02-08,0.44770199060440063,0.43359755480882267,0.26450213586691285,-1.0,0
2021-02-09,0.47199100255966187,0.4456730627839205,0.2699739283497694,-1.0,0
2021-02-10,0.503445029258728,0.46050543936462235,0.2785914554956453,-1.0,0
2021-02-11,0.5247870087623596,0.4763910858463117,0.28790461136590756,-1.0,0
2021-02-12,0.6085919737815857,0.5021439571517482,0.29582883821549266,-1.0,0
2021-02-13,0.6289960145950317,0.5275068912180685,0.30601460603153474,-1.0,0
2021-02-14,0.5941929817199707,0.5448005331935035,0.32123136089428794,-1.0,0
2021-02-15,0.5489150285720825,0.5546190670555065,0.3394216307575276,0.0,0
2021-02-16,0.5208460092544556,0.5588074943758667,0.36212350514157415,0.0,0
2021-02-17,0.5355370044708252,0.5615053918645916,0.3872515085651341,0.0,0
2021-02-18,0.5324329733848572,0.562121223896994,0.41166017404173433,0.0,0
2021-02-19,0.567018985748291,0.5696541752852894,0.41680472230534776,0.0,0
2021-02-20,0.5175120234489441,0.5711056511035486,0.4178730477461295,0.0,0
2021-02-21,0.5485600233078003,0.575073568832739,0.43161023377193636,0.0,0
2021-02-22,0.571740984916687,0.5793268060538416,0.4476040953543539,0.0,0
2021-02-23,0.47356298565864563,0.5778600005118122,0.45707820079643824,0.0,0
2021-02-24,0.4718320071697235,0.5778103880249742,0.45966611284382314,0.0,0
2021-02-25,0.4345239996910095,0.5780770495277813,0.4578471526759694,1.0,1
2021-02-26,0.4278999865055084,0.5783368592247812,0.4564677412524375,1.0,1
2021-02-27,0.4378089904785156,0.5777659446943487,0.45902375569455967,1.0,1
2021-02-28,0.41495299339294434,0.578581736744988,0.45493306392277477,1.0,1
2021-03-01,0.44724398851394653,0.5785238866905019,0.45251621257268926,1.0,1
2021-03-02,0.43683698773384094,0.5775806065117741,0.4467986885989284,1.0,1
2021-03-03,0.45027899742126465,0.57520815491235,0.44172033906424296,0.0,1
2021-03-04,0.4866049885749817,0.5649194885949232,0.4398103068610094,0.0,1
2021-03-05,0.4581190049648285,0.5494565014756633,0.438185593017249,0.0,1
2021-03-06,0.4651060104370117,0.5380086967408033,0.43672470062381313,0.0,1
2021-03-07,0.46686699986457825,0.5319431990684526,0.43458539542541347,0.0,1
2021-03-08,0.47359699010849,0.5288011498928646,0.4330025426864048,0.0,1
2021-03-09,0.48598799109458923,0.5245994832028666,0.43224930803877915,0.0,1
2021-03-10,0.4631659984588623,0.5194384995136605,0.43048359423538585,0.0,1
2021-03-11,0.4529600143432617,0.5082894898183122,0.4302267067902311,0.0,1
2021-03-12,0.44113099575042725,0.5032171598277739,0.4276609340109178,0.0,1
2021-03-13,0.45992401242256165,0.49332559072751603,0.42868890202265186,0.0,1
2021-03-14,0.442111998796463,0.473856598886917,0.4351949952512284,0.0,1
2021-03-15,0.4375549852848053,0.4718657143471109,0.43358507975365057,0.0,1
2021-03-16,0.4625999927520752,0.47102667508359763,0.433500917575399,0.0,1
2021-03-17,0.4724169969558716,0.4729488747645124,0.4353680176209703,0.0,1
2021-03-18,0.4729189872741699,0.47457477624127703,0.43824401622107195,0.0,1
2021-03-19,0.47117099165916443,0.4759747440006855,0.44018024857972826,0.0,1
2021-03-20,0.5269910097122192,0.48464006423545214,0.4427187299768892,-1.0,0
2021-03-21,0.5198349952697754,0.4913346985412786,0.44328319634664565,-1.0,0
2021-03-22,0.5499420166015625,0.5021888676415692,0.44373953013312717,-1.0,0
2021-03-23,0.5565950274467468,0.5124174055717013,0.4441425952055432,-1.0,0
2021-03-24,0.48883700370788574,0.5125612876310855,0.44422191465944944,0.0,0
2021-03-25,0.5174980163574219,0.5162482076689471,0.44647289576084725,-1.0,0
2021-03-26,0.5670549869537354,0.52598511891301,0.44693088216845667,-1.0,0
2021-03-27,0.5504429936408997,0.5323415856089236,0.4489320148501752,-1.0,0
2021-03-28,0.5507559776306152,0.5380673014690651,0.4509221977422462,-1.0,0
2021-03-29,0.5678709745407104,0.5450699319999868,0.45210786555593674,-1.0,0
2021-03-30,0.5668590068817139,0.5518511489356075,0.45569594946260117,-1.0,0
2021-03-31,0.573868989944458,0.5587647589384231,0.460873237019905,-1.0,0
2021-04-01,0.5792919993400574,0.5652158400941937,0.4682382562230976,-1.0,0
2021-04-02,0.6165689826011658,0.5759540745070889,0.4731645188280627,-1.0,0
2021-04-03,0.5909150242805481,0.5815688831526794,0.4824300127308808,-1.0,0
2021-04-04,0.6467289924621582,0.5931070288051254,0.4918092677961701,-1.0,0
2021-04-05,0.9204729795455933,0.6612619466182914,0.46944164866235577,-1.0,0
2021-04-06,1.0962660312652588,0.746728354315672,0.44636014439591404,-1.0,0
2021-04-07,0.917576014995575,0.7820402460624327,0.4555139554212937,-1.0,0
2021-04-08,1.0527559518814087,0.8336802982999328,0.46203239920601813,-1.0,0
2021-04-09,1.0208369493484497,0.8736498472692824,0.4714474442002916,-1.0,0
2021-04-10,1.3744159936904907,0.9667128450701056,0.46384254624154,-1.0,0
2021-04-11,1.3605300188064575,1.0421024053178531,0.46951178621428186,-1.0,0
2021-04-12,1.4677350521087646,1.1244236679101753,0.4783045260881615,-1.0,0
2021-04-13,1.7940009832382202,1.2495105161622424,0.4837340757891277,-1.0,0
2021-04-14,1.8392360210418701,1.363266027956631,0.502152364463184,-1.0,0
2021-04-15,1.7660670280456543,1.4521277573623232,0.5331918391666837,-1.0,0
2021-04-16,1.55752694606781,1.5066332584237152,0.579394733347983,-1.0,0
2021-04-17,1.5600550174713135,1.5556245631848336,0.6313333325709343,-1.0,0
2021-04-18,1.4059979915618896,1.58519662709474,0.6855739703631456,0.0,0
2021-04-19,1.3150440454483032,1.603543010015627,0.7420460912989177,0.0,0
2021-04-20,1.3832989931106567,1.6222559436303774,0.8042761580007873,0.0,0
2021-04-21,1.2964979410171509,1.6300854662705544,0.8681672295283196,0.0,0
2021-04-22,1.159682035446167,1.6280138079686182,0.924550193114756,0.0,0
2021-04-23,1.169659972190857,1.6194001463652645,0.9910383495091403,0.0,0
2021-04-24,1.0487060546875,1.606255762763852,1.044380439333087,0.0,0
2021-04-25,1.032256007194519,1.6043795132986307,1.0574349915632009,1.0,1
2021-04-26,1.3685059547424316,1.6124161163067974,1.0766223809027518,0.0,1
2021-04-27,1.4009549617767334,1.6171389331400496,1.1202374587476152,0.0,1
2021-04-28,1.3586009740829468,1.621116774464715,1.1468441196431034,0.0,1
2021-04-29,1.399359941482544,1.6241041106758904,1.1817090826453376,0.0,1
2021-04-30,1.5916739702224731,1.638795788614054,1.1887432023603721,0.0,1
2021-05-01,1.6510250568389893,1.659006669262429,1.1975818255152506,0.0,1
2021-05-02,1.5626410245895386,1.6655746970416383,1.2005043949841185,0.0,1
2021-05-03,1.555994987487793,1.639912364888126,1.2023661275625883,0.0,1
2021-05-04,1.3923759460449219,1.5941919394508672,1.203400545500152,0.0,1
2021-05-05,1.6145119667053223,1.5741632734927422,1.208273705324244,-1.0,0
2021-05-06,1.6005810499191284,1.5786147870952978,1.2081276021068201,-1.0,0
2021-05-07,1.5817550420761108,1.5807878208659087,1.208124570796689,-1.0,0
2021-05-08,1.5625979900360107,1.592380671879284,1.2121917196307257,0.0,0
2021-05-09,1.5352929830551147,1.6044497842895256,1.2221475009811655,0.0,0
2021-05-10,1.3890060186386108,1.6046922498490048,1.2224757379744815,0.0,0
2021-05-11,1.4776819944381714,1.6121971010239158,1.2330892921416725,0.0,0
2021-05-12,1.247864007949829,1.6111136923711817,1.242990898044773,0.0,0
2021-05-13,1.3589099645614624,1.6112770622048131,1.261752527448202,0.0,0
2021-05-14,1.4029170274734497,1.6037430016846552,1.3047076852469548,0.0,0
2021-05-15,1.4858800172805786,1.5886888118324438,1.3651242761077724,0.0,0
2021-05-16,1.452605962753296,1.5901495441919806,1.372073544549322,0.0,0
2021-05-17,1.4962999820709229,1.5933001252180836,1.3784574655526378,0.0,0
2021-05-18,1.5907340049743652,1.6029538717230536,1.3920170221368098,0.0,0
2021-05-19,1.0703129768371582,1.622227681320227,1.3398385160750976,1.0,1
2021-05-20,1.1855369806289673,1.6138707430281998,1.3075817554077744,1.0,1
2021-05-21,1.0069760084152222,1.6054191226270393,1.2516284709665582,1.0,1
2021-05-22,0.9063169956207275,1.6044282120090028,1.1869869786877136,1.0,1
2021-05-23,0.7970150113105774,1.6018099125902379,1.113707280488757,1.0,1
2021-05-24,0.9928349852561951,1.5948550670316217,1.0807080299685003,1.0,1
2021-05-25,0.976186990737915,1.566375633446589,1.0453549659567922,1.0,1
2021-05-26,1.0337250232696533,1.5351006637821674,1.0199443329562663,0.0,1
2021-05-27,0.9702349901199341,1.502799460127993,0.991093531414823,1.0,1
2021-05-28,0.9001479744911194,1.4695423222922952,0.958105667696032,1.0,1
2021-05-29,0.8317880034446716,1.4361988046271252,0.9210986874001577,1.0,1
2021-05-30,0.9066089987754822,1.41392381024445,0.8951339797965197,0.0,1
2021-05-31,1.0465840101242065,1.3817986664534552,0.8841493251561182,0.0,1
2021-06-01,1.0110009908676147,1.3698362416229763,0.8724254482783758,0.0,1
2021-06-02,1.024399995803833,1.3474622181161375,0.8613484749094515,0.0,1
2021-06-03,1.045320987701416,1.3194072860563137,0.8536438029920719,0.0,1
2021-06-04,0.970196008682251,1.2748731617605407,0.8466095264280121,0.0,1
2021-06-05,0.9232860207557678,1.229281875618121,0.839268818370679,0.0,1
2021-06-06,0.945285975933075,1.1692369783504342,0.8442123150245813,0.0,1
2021-06-07,0.8611549735069275,1.0606553539871972,0.8798360362410742,1.0,1
2021-06-08,0.8757879734039307,1.050056565561019,0.8709823243239297,0.0,1
2021-06-09,0.9200339913368225,1.019720285014009,0.8747683059417253,0.0,1
2021-06-10,0.8691819906234741,1.013400758242508,0.8673084309340514,0.0,1
2021-06-11,0.8484500050544739,1.0130291178183959,0.8618933723015384,1.0,1
2021-06-12,0.8326830267906189,1.0116794748199525,0.8668098168479859,1.0,1
2021-06-13,0.8831599950790405,1.0060765122960027,0.8614452803542201,0.0,1
2021-06-14,0.8928970098495483,1.001738231496604,0.8574545630647823,0.0,1
2021-06-15,0.8898000121116638,0.9906834966687569,0.8541167967768303,0.0,1
2021-06-16,0.8319079875946045,0.9856466306464732,0.8453209625465811,1.0,1
2021-06-17,0.8414379954338074,0.9845895477075621,0.8405070475797609,0.0,1
2021-06-18,0.797648012638092,0.9852620316077092,0.8364205645989558,1.0,1
2021-06-19,0.7616729736328125,0.9851624923855338,0.8220265013068644,1.0,1
2021-06-20,0.7763770222663879,0.969058198536865,0.8111100963697512,1.0,1
2021-06-21,0.6103879809379578,0.9657739335093394,0.774333060404311,1.0,1
2021-06-22,0.5450670123100281,0.9595006234110643,0.7326730721532058,1.0,1
2021-06-23,0.6265349984169006,0.938500906486779,0.7117941901490396,1.0,1
2021-06-24,0.671999990940094,0.9231186272582832,0.6973568676033195,1.0,1
2021-06-25,0.6133229732513428,0.9124572387783951,0.6770219513327651,1.0,1
2021-06-26,0.615435004234314,0.8968656900632205,0.6596284028780638,1.0,1
2021-06-27,0.6469230055809021,0.8879327688377642,0.6471381273109175,1.0,1
2021-06-28,0.643746018409729,0.8765300733109588,0.6353366273383027,0.0,1
2021-06-29,0.7017250061035156,0.8597153075074384,0.6303204946184924,0.0,1
2021-06-30,0.7063739895820618,0.8480212472787663,0.6257337547430233,0.0,1
2021-07-01,0.6611800193786621,0.8366334189400196,0.6183945845141888,0.0,1
2021-07-02,0.6567630171775818,0.8259883636951547,0.61144763879775,0.0,1
2021-07-03,0.6728879809379578,0.8085931679879466,0.6078156330908497,0.0,1
2021-07-04,0.6949449777603149,0.7887982611594747,0.6078153367103983,0.0,1
2021-07-05,0.6542999744415283,0.7653651744660355,0.607698419636824,0.0,1
2021-07-06,0.6654019951820374,0.7492903419096646,0.6071226529519382,0.0,1
2021-07-07,0.6515750288963318,0.7286552779512824,0.6087714202565729,0.0,1
2021-07-08,0.623058021068573,0.7124011227453704,0.6075665763055329,0.0,1
2021-07-09,0.6368039846420288,0.7005439396733522,0.6069368604784728,0.0,1
2021-07-10,0.6254630088806152,0.6833586128859268,0.609030785927321,0.0,1
2021-07-11,0.6359350085258484,0.6837694194563367,0.6111746821156999,0.0,1
2021-07-12,0.6301779747009277,0.6793363121009564,0.6241188857101703,0.0,1
2021-07-13,0.6195229887962341,0.6793643933511284,0.6233896034979316,1.0,1
2021-07-14,0.6203240156173706,0.6771592754128258,0.6204271239039619,1.0,1
2021-07-15,0.5969409942626953,0.6776257152045175,0.6183224862134054,1.0,1
2021-07-16,0.5907739996910095,0.6782703160027219,0.6152117849608707,1.0,1
2021-07-17,0.582427978515625,0.6781694335608883,0.6088631646961764,1.0,1
2021-07-18,0.5879219770431519,0.6775395782578688,0.6039106158625382,1.0,1
2021-07-19,0.5575559735298157,0.6718419106992999,0.5951913801637372,1.0,1
2021-07-20,0.5293359756469727,0.6656307059839023,0.5836987834856259,1.0,1
2021-07-21,0.569998025894165,0.6618601700028098,0.5783511201182686,1.0,1
2021-07-22,0.5922060012817383,0.6581417797656113,0.5756138087658829,0.0,1
2021-07-23,0.6092240214347839,0.6528100783027547,0.5745791142784221,0.0,1
2021-07-24,0.6098269820213318,0.6435603658179178,0.5753170271893607,0.0,1
2021-07-25,0.6063569784164429,0.6394886811990281,0.5745944122057418,0.0,1
2021-07-26,0.6256179809570312,0.6348441832494562,0.5752605087328131,0.0,1
2021-07-27,0.6446040272712708,0.6339586322185612,0.5754489596012019,-1.0,0
2021-07-28,0.7254449725151062,0.6495448485769358,0.5701014383874806,-1.0,0
2021-07-29,0.7480170130729675,0.6655045050759589,0.5652630847315514,-1.0,0
2021-07-30,0.7521190047264099,0.6804409580439975,0.5629922313480923,-1.0,0
2021-07-31,0.7477859854698181,0.6924358468174214,0.5621824402690654,-1.0,0
2021-08-01,0.7259219884872437,0.7008622244252507,0.5633304640398678,-1.0,0
2021-08-02,0.7392200231552124,0.7107908578047173,0.565371534096299,-1.0,0
2021-08-03,0.7127289772033691,0.7171387166538529,0.5682641714057631,0.0,0
2021-08-04,0.7304880023002625,0.7254666814407981,0.5732909074225748,-1.0,0
2021-08-05,0.7331510186195374,0.7334691600146976,0.579526130741528,0.0,0
2021-08-06,0.7465130090713501,0.7421064807945851,0.5872973130172131,-1.0,0
2021-08-07,0.8162810206413269,0.7582979626246483,0.5939417355469673,-1.0,0
2021-08-08,0.7787389755249023,0.7674216578289208,0.6069363405422035,-1.0,0
2021-08-09,0.8185529708862305,0.7779015789860059,0.6253781189090443,-1.0,0
2021-08-10,0.8512470126152039,0.7923418724082026,0.6390627241589514,-1.0,0
2021-08-11,1.0125240087509155,0.8328588010605013,0.6405775962535704,-1.0,0
